,acte,scene,source,category,text
0,1,1,original,personnage,SGANARELLE
2,1,1,original,verse,
4,1,1,original,personnage,SGANARELLE
6,1,1,original,verse,"NON, je te dis que je n'en veux rien faire, et que c'est à moi de parler et d'être le maître."
8,1,1,original,personnage,MARTINE
10,1,1,original,verse,"Et je te dis, moi, que je veux que tu vives à ma fantaisie, et que je ne me suis point mariée avec toi pour souffrir tes fredaines."
12,1,1,original,personnage,SGANARELLE
14,1,1,original,verse,O la grande fatigue que d'avoir une femme! et qu'Aristote a bien raison quand il dit qu'une femme est pire qu'un démon!
16,1,1,original,personnage,MARTINE
18,1,1,original,verse,"Voyez un peu l'habile homme, avec son benêt d'Aristote!"
20,1,1,original,personnage,SGANARELLE
22,1,1,original,verse,"Oui, habile homme. Trouve-moi un faiseur de fagots qui sache, comme moi, raisonner des choses, qui ait servi six ans un fameux médecin, et qui ait su dans son jeune âge son rudiment par coeur."
24,1,1,original,personnage,MARTINE
26,1,1,original,verse,Peste du fou fieffé!
28,1,1,original,personnage,SGANARELLE
30,1,1,original,verse,Peste de la carogne!
32,1,1,original,personnage,MARTINE
34,1,1,original,verse,Que maudit soit l'heure et le jour où je m'avisai d'aller dire oui!
36,1,1,original,personnage,SGANARELLE
38,1,1,original,verse,Que maudit soit le bec cornu de notaire qui me fit signer ma ruine!
40,1,1,original,personnage,MARTINE
42,1,1,original,verse,C'est bien à toi vraiment à te plaindre de cette affaire! Devrois-tu être un seul moment sans rendre grâce au Ciel de m'avoir pour ta femme? et méritois-tu d'épouser une personne comme moi?
44,1,1,original,personnage,SGANARELLE
46,1,1,original,verse,"Il est vrai que tu me fis trop d'honneur et que j'eus lieu de me louer la première nuit de nos noces. Hé! morbleu! ne me fais point parler là-dessus, je dirois de certaines choses..."
48,1,1,original,personnage,MARTINE
50,1,1,original,verse,Quoi? que dirois-tu?
52,1,1,original,personnage,SGANARELLE
54,1,1,original,verse,"Baste! laissons là ce chapitre; il suffit que nous savons ce que nous savons, et que tu fus bien heureuse de me trouver."
56,1,1,original,personnage,MARTINE
58,1,1,original,verse,"Qu'appelles-tu bien heureuse de te trouver? Un homme qui me réduit à l'hôpital, un débauché, un traître qui me mange tout ce que j'ai..."
60,1,1,original,personnage,SGANARELLE
62,1,1,original,verse,"Tu as menti, j'en bois une partie."
64,1,1,original,personnage,MARTINE
66,1,1,original,verse,Qui me vend pièce à pièce tout ce qui est dans le logis...
68,1,1,original,personnage,SGANARELLE
70,1,1,original,verse,C'est vivre de ménage.
72,1,1,original,personnage,MARTINE
74,1,1,original,verse,Qui m'a ôté jusqu'au lit que j'avois...
76,1,1,original,personnage,SGANARELLE
78,1,1,original,verse,Tu t'en lèveras plus matin.
80,1,1,original,personnage,MARTINE
82,1,1,original,verse,"Enfin, qui ne laisse aucun meuble dans toute la maison..."
84,1,1,original,personnage,SGANARELLE
86,1,1,original,verse,On en déménage plus aisément.
88,1,1,original,personnage,MARTINE
90,1,1,original,verse,"Et qui, du matin jusqu'au soir, ne fait que jouer et que boire."
92,1,1,original,personnage,SGANARELLE
94,1,1,original,verse,C'est pour ne me point ennuyer.
96,1,1,original,personnage,MARTINE
98,1,1,original,verse,"Et que veux-tu, pendant ce temps, que je fasse avec ma famille?"
100,1,1,original,personnage,SGANARELLE
102,1,1,original,verse,Tout ce qu'il te plaira.
104,1,1,original,personnage,MARTINE
106,1,1,original,verse,J'ai quatre pauvres petits enfants sur les bras.
108,1,1,original,personnage,SGANARELLE
110,1,1,original,verse,Mets-les à terre.
112,1,1,original,personnage,MARTINE
114,1,1,original,verse,Qui me demandent à toute heure du pain.
116,1,1,original,personnage,SGANARELLE
118,1,1,original,verse,"Donne-leur le fouet. Quand j'ai bien bu et bien mangé, je veux que tout le monde soit saoul dans ma maison."
120,1,1,original,personnage,MARTINE
122,1,1,original,verse,"Et tu prétends, ivrogne, que les choses aillent toujours de même?..."
124,1,1,original,personnage,SGANARELLE
126,1,1,original,verse,"Ma femme, allons tout doucement, s'il vous plaît."
128,1,1,original,personnage,MARTINE
130,1,1,original,verse,Que j'endure éternellement tes insolences et tes débauches?...
132,1,1,original,personnage,SGANARELLE
134,1,1,original,verse,"Ne nous emportons point, ma femme."
136,1,1,original,personnage,MARTINE
138,1,1,original,verse,Et que je ne sache pas trouver le moyen de te ranger à ton devoir?
140,1,1,original,personnage,SGANARELLE
142,1,1,original,verse,"Ma femme, vous savez que je n'ai pas l'âme endurante, et que j'ai le bras assez bon."
144,1,1,original,personnage,MARTINE
146,1,1,original,verse,Je me moque de tes menaces.
148,1,1,original,personnage,SGANARELLE
150,1,1,original,verse,"Ma petite femme, ma mie, votre peau vous démange, à votre ordinaire."
152,1,1,original,personnage,MARTINE
154,1,1,original,verse,Je te montrerai bien que je ne te crains nullement.
156,1,1,original,personnage,SGANARELLE
158,1,1,original,verse,"Ma chère moitié, vous avez envie de me dérober quelque chose."
160,1,1,original,personnage,MARTINE
162,1,1,original,verse,Crois-tu que je m'épouvante de tes paroles?
164,1,1,original,personnage,SGANARELLE
166,1,1,original,verse,"Doux objet de mes voeux, je vous frotterai les oreilles."
168,1,1,original,personnage,MARTINE
170,1,1,original,verse,Ivrogne que tu es!
172,1,1,original,personnage,SGANARELLE
174,1,1,original,verse,Je vous battrai.
176,1,1,original,personnage,MARTINE
177,1,1,original,verse,Sac à vin!
178,1,1,original,personnage,SGANARELLE
179,1,1,original,verse,Je vous rosserai.
180,1,1,original,personnage,MARTINE
181,1,1,original,verse,Infime!
182,1,1,original,personnage,SGANARELLE
183,1,1,original,verse,Je vous étrillerai.
184,1,1,original,personnage,MARTINE
185,1,1,original,verse,"Traître, insolent, trompeur, lâche, coquin, pendard, gueux, bélître, fripon, maraut, voleur!..."
186,1,1,original,personnage,SGANARELLE
187,1,1,original,verse,"(Il prend un bâton, et lui en donne.) Ah! vous en voulez donc?"
188,1,1,original,personnage,MARTINE
189,1,1,original,verse,Ah! ah! ah! ah!
190,1,1,original,personnage,SGANARELLE
191,1,1,original,verse,Voilà le vrai moyen de vous apaiser.
209,1,2,original,personnage,M. ROBERT
210,1,2,original,verse,"Holà! holà! holà! Fi! Qu'est-ce ci? quelle infamie! Peste soit le coquin, de battre ainsi sa femme!"
213,1,2,original,personnage,MARTINE
214,1,2,original,verse,"les mains sur les côtés, lui parle en le faisant reculer, et à la fin lui donne un soufflet."
216,1,2,original,verse,"Et je veux qu'il me batte, moi."
218,1,2,original,personnage,M. ROBERT
220,1,2,original,verse,Ah! j'y consens de tout mon coeur.
222,1,2,original,personnage,MARTINE
224,1,2,original,verse,De quoi vous mêlez-vous?
226,1,2,original,personnage,M. ROBERT
228,1,2,original,verse,J'ai tort.
230,1,2,original,personnage,MARTINE
232,1,2,original,verse,Est-ce là votre affaire?
234,1,2,original,personnage,M. ROBERT
236,1,2,original,verse,Vous avez raison.
238,1,2,original,personnage,MARTINE
240,1,2,original,verse,Voyez un peu cet impertinent qui veut empêcher les maris de battre leurs femmes!
242,1,2,original,personnage,M. ROBERT
244,1,2,original,verse,Je me rétracte.
246,1,2,original,personnage,MARTINE
248,1,2,original,verse,Qu'avez-vous à voir là-dessus?
250,1,2,original,personnage,M. ROBERT
252,1,2,original,verse,Rien.
254,1,2,original,personnage,MARTINE
256,1,2,original,verse,Est-ce à vous d'y mettre le nez?
258,1,2,original,personnage,M. ROBERT
260,1,2,original,verse,Non.
262,1,2,original,personnage,MARTINE
264,1,2,original,verse,Mêlez-vous de vos affaires.
266,1,2,original,personnage,M. ROBERT
268,1,2,original,verse,Je ne dis plus mot.
270,1,2,original,personnage,MARTINE
272,1,2,original,verse,Il me plaît d'être battue.
274,1,2,original,personnage,M. ROBERT
276,1,2,original,verse,D'accord.
278,1,2,original,personnage,MARTINE
280,1,2,original,verse,Ce n'est pas à vos dépens.
282,1,2,original,personnage,M. ROBERT
284,1,2,original,verse,Il est vrai.
286,1,2,original,personnage,MARTINE
288,1,2,original,verse,Et vous êtes un sot de venir vous fourrer où vous n'avez que faire.
290,1,2,original,personnage,M. ROBERT
292,1,2,original,verse,"(Il passe ensuite vers le mari, qui pareillement lui parle toujours en le faisant reculer, le frappe avec le mime bâton et le met en fuite. Il dit à la fin)"
294,1,2,original,verse,"Compère, je vous demande pardon de tout mon coeur; faites, rossez, battez comme il faut votre femme; je vous aiderai, si vous le voulez."
296,1,2,original,personnage,SGANARELLE
298,1,2,original,verse,"Il ne me plaît pas, moi."
300,1,2,original,personnage,M. ROBERT
302,1,2,original,verse,Ah! c'est une autre chose.
304,1,2,original,personnage,SGANARELLE
306,1,2,original,verse,"Je la veux battre si je le veux, et ne la veux pas battre si je le ne veux pas."
308,1,2,original,personnage,M. ROBERT
310,1,2,original,verse,Fort bien.
312,1,2,original,personnage,SGANARELLE
314,1,2,original,verse,"C'est ma femme, et non pas la vôtre."
316,1,2,original,personnage,M. ROBERT
318,1,2,original,verse,Sans doute.
320,1,2,original,personnage,SGANARELLE
322,1,2,original,verse,Vous n'avez rien à me commander.
324,1,2,original,personnage,M. ROBERT
326,1,2,original,verse,D'accord.
328,1,2,original,personnage,SGANARELLE
330,1,2,original,verse,Je n'ai que faire de votre aide.
332,1,2,original,personnage,M. ROBERT
334,1,2,original,verse,Très volontiers.
336,1,2,original,personnage,SGANARELLE
338,1,2,original,verse,"Et vous êtes un impertinent de vous ingérer des affaires d'autrui. Apprenez que Cicéron dit qu'entre l'arbre et le doigt il ne faut point mettre l'écorce. (Ensuite, il revient vers sa femme, et lui dit en lui pressant la main) O ça, faisons la paix nous deux. Touche là."
340,1,2,original,personnage,MARTINE
342,1,2,original,verse,Oui! après m'avoir ainsi battue.
344,1,2,original,personnage,SGANARELLE
346,1,2,original,verse,Cela n'est rien. Touche.
348,1,2,original,personnage,MARTINE
350,1,2,original,verse,Je ne veux pas.
352,1,2,original,personnage,SGANARELLE
354,1,2,original,verse,Hé?
356,1,2,original,personnage,MARTINE
358,1,2,original,verse,Non.
360,1,2,original,personnage,SGANARELLE
362,1,2,original,verse,Ma petite femme!
363,1,2,original,personnage,MARTINE
364,1,2,original,verse,Point.
365,1,2,original,personnage,SGANARELLE
366,1,2,original,verse,"Allons, te dis-je."
367,1,2,original,personnage,MARTINE
368,1,2,original,verse,Je n'en ferai rien.
369,1,2,original,personnage,SGANARELLE
370,1,2,original,verse,"Viens, viens, viens."
371,1,2,original,personnage,MARTINE
372,1,2,original,verse,"Non, je veux être en colère."
373,1,2,original,personnage,SGANARELLE
374,1,2,original,verse,"Fi! c'est une bagatelle; allons, allons."
375,1,2,original,personnage,MARTINE
376,1,2,original,verse,Laisse-moi là.
377,1,2,original,personnage,SGANARELLE
378,1,2,original,verse,"Touche, te dis-je."
379,1,2,original,personnage,MARTINE
380,1,2,original,verse,Tu m'as trop maltraitée.
381,1,2,original,personnage,SGANARELLE
382,1,2,original,verse,"Eh bien, va, je te demande pardon; mets là ta main."
383,1,2,original,personnage,MARTINE
384,1,2,original,verse,Je te pardonne; (elle dit le reste bas) mais tu le payeras.
385,1,2,original,personnage,SGANARELLE
386,1,2,original,verse,"Tu es une folle de prendre garde à cela. Ce sont petites choses qui sont de temps en temps nécessaires dans l'amitié; et cinq ou six coups de bâton, entre gens qui s'aiment, ne font que ragaillardir l'affection. Va, je m'en vais au bois, et je te promets aujourd'hui plus d'un cent de fagots."
389,1,3,original,personnage,MARTINE
390,1,3,original,verse,"seule: Va, quelque mine que je fasse, je n'oublie pas mon ressentiment, et je brûle en moi-même de trouver les moyens de te punir des coups que tu me donnes. Je sais bien qu'une femme a toujours dans les mains de quoi se venger d'un mari; mais c'est une punition trop délicate pour mon pendart. Je veux une vengeance qui se fasse un peu mieux sentir, et ce n'est pas contentement pour l'injure que j'ai reçue."
416,1,4,original,personnage,LUCAS
418,1,4,original,verse,"Parguenne! j'avons pris là tous deux une gueble de commission; et je ne sai pas, moi, ce que je pensons attraper."
420,1,4,original,personnage,VALÈRE
422,1,4,original,verse,"Que veux-tu, mon pauvre nourricier? il faut bien obéir à notre maître; et puis nous avons intérêt l'un et l'autre à la santé de sa fille, notre maîtresse; et sans doute son mariage, différé par sa maladie, nous vaudroit quelque récompense. Horace, qui est libéral, a bonne part aux prétentions qu'on peut avoir sur sa personne, et, quoi-qu'elle ait fait voir de l'amitié pour un certain Léandre, tu sais bien que son père n'a jamais voulu consentir à le recevoir pour son gendre."
424,1,4,original,personnage,MARTINE
426,1,4,original,verse,rêvant à part elle. Ne puis-je point trouver quelque invention pour me venger?
427,1,4,original,personnage,LUCAS
428,1,4,original,verse,"Mais quelle fantaisie s'est-il boutée là dans la tête, puisque les médecins y avont tous pardu leur latin?"
429,1,4,original,personnage,VALÈRE
430,1,4,original,verse,"On trouve quelquefois, à force de chercher, ce qu'on ne trouve pas d'abord; et souvent, en de simples lieux..."
431,1,4,original,personnage,MARTINE
432,1,4,original,verse,"Oui, il faut que je m'en venge à quelque prix que ce soit: ces coups de bâton me reviennent au coeur, je ne les saurois digérer, et... (Elle dit tout ceci en rivant, de sorte que, ne prenant pas garde à ces deux hommes, elle les heurte en se retournant, et leur dit:) Ah! Messieurs! je vous demande pardon, je ne vous voyois pas, et cherchois dans ma tête quelque chose qui m'embarrasse."
433,1,4,original,personnage,VALÈRE
434,1,4,original,verse,"Chacun a ses soins dans le monde, et nous cherchons aussi ce que nous voudrions bien trouver."
435,1,4,original,personnage,MARTINE
436,1,4,original,verse,Seroit-ce quelque chose où je vous puisse aider?
437,1,4,original,personnage,VALÈRE
438,1,4,original,verse,"Cela se pourroit faire; et nous tâchons de rencontrer quelque habile homme, quelque médecin particulier, qui pût donner quelque soulagement à la fille de notre maître, attaquée d'une maladie qui lui a ôté tout d'un coup l'usage de la langue. Plusieurs médecins ont déjà épuisé toute leur science après elle; mais on trouve parfois des gens avec des secrets admirables, de certains remèdes particuliers, qui font le plus souvent ce que les autres n'ont su faire, et c'est là ce que nous cherchons."
439,1,4,original,personnage,MARTINE
440,1,4,original,verse,"(Elle dit ces premières lignes bas.) Ah! que le Ciel m'inspire une admirable invention pour me venger de mon pendart! (Haut.) Vous ne pouviez jamais vous mieux adresser pour rencontrer ce que vous cherchez, et nous avons ici un homme, le plus merveilleux homme du monde, pour les maladies désespérées."
441,1,4,original,personnage,VALÈRE
442,1,4,original,verse,"Et, de grâce, où pouvons-nous le rencontrer?"
443,1,4,original,personnage,MARTINE
444,1,4,original,verse,"Vous le trouverez maintenant vers ce petit lieu que voilà, qui s'amuse à couper du bois."
445,1,4,original,personnage,LUCAS
446,1,4,original,verse,Un médecin qui coupe du bois?
447,1,4,original,personnage,VALÈRE
448,1,4,original,verse,"Qui s'amuse à cueillir des simples, voulez-vous dire?"
449,1,4,original,personnage,MARTINE
450,1,4,original,verse,"Non, c'est un homme extraordinaire, qui se plaît à cela, fantasque, bizarre, quinteux, et que vous ne prendriez jamais pour ce qu'il est. Il va vêtu d'une façon extravagante, affecte quelquefois de paroître ignorant, tient sa science renfermée, et ne fuit rien tant tous les jours que d'exercer les merveilleux talents qu'il a eus du Ciel pour la médecine."
451,1,4,original,personnage,VALÈRE
452,1,4,original,verse,"C'est une chose admirable, que tous les grands hommes ont toujours du caprice, quelque petit grain de folie mêlé à leur science."
453,1,4,original,personnage,MARTINE
454,1,4,original,verse,"La folie de celui-ci est plus grande qu'on ne peut croire, car elle va parfois jusqu'à vouloir être battu pour demeurer d'accord de sa capacité; et je vous donne avis que vous n'en viendrez point à bout, qu'il n'avouera jamais qu'il est médecin, s'il se le met en fantaisie, que vous ne preniez chacun un bâton, et ne le réduisiez, à force de coups, à vous confesser à la fin ce qu'il vous cachera d'abord. C'est ainsi que nous en usons quand nous avons besoin de lui."
455,1,4,original,personnage,VALÈRE
456,1,4,original,verse,Voilà une étrange folie!
457,1,4,original,personnage,MARTINE
458,1,4,original,verse,"Il est vrai; mais, après cela, vous verrez qu'il fait des merveilles."
459,1,4,original,personnage,VALÈRE
460,1,4,original,verse,Comment s'appelle-t-il?
461,1,4,original,personnage,MARTINE
462,1,4,original,verse,"Il s'appelle Sganarelle; mais il est aisé à connoître: c'est un homme qui a une large barbe noire, et qui porte une fraise, avec un habit jaune et vert."
463,1,4,original,personnage,LUCAS
464,1,4,original,verse,Un habit jaune et vart! C'est donc le médecin des paroquets?
465,1,4,original,personnage,VALÈRE
466,1,4,original,verse,Mais est-il bien vrai qu'il soit si habile que vous le dites?
467,1,4,original,personnage,MARTINE
468,1,4,original,verse,"Comment! c'est un homme qui fait des miracles. Il y a six mois qu'une femme fut abandonnée de tous les autres médecins: on la tenoit morte il y avoit déjà six heures, et l'on se disposoit à l'ensevelir, lorsqu'on y fit venir de force l'homme dont nous parlons. Il lui mit, l'ayant vue, une petite goutte de je ne sais quoi dans la bouche, et dans le même instant elle se leva de son lit et se mit aussitôt à se promener dans sa chambre, comme si de rien n'eût été."
469,1,4,original,personnage,LUCAS
470,1,4,original,verse,Ah!
471,1,4,original,personnage,VALÈRE
472,1,4,original,verse,Il falloit que ce fût quelque goutte d'or potable.
473,1,4,original,personnage,MARTINE
474,1,4,original,verse,"Cela pourroit bien être. Il n'y a pas trois semaines encore qu'un jeune enfant de douze ans tomba du haut du clocher en bas, et se brisa sur le pavé la tête, les bras et les jambes. On n'y eut pas plus tôt amené notre homme qu'il le frotta par tout le corps d'un certain onguent qu'il sait faire, et l'enfant aussitôt se leva sur ses pieds et courut jouer à la fossette."
475,1,4,original,personnage,LUCAS
476,1,4,original,verse,Ah!
477,1,4,original,personnage,VALÈRE
478,1,4,original,verse,Il faut que cet homme-là ait la médecine universelle.
479,1,4,original,personnage,MARTINE
480,1,4,original,verse,Qui en doute?
481,1,4,original,personnage,LUCAS
482,1,4,original,verse,Testigué! velà justement l'homme qu'il nous faut; allons vite le charcher.
483,1,4,original,personnage,VALÈRE
484,1,4,original,verse,Nous vous remercions du plaisir que vous nous faites.
485,1,4,original,personnage,MARTINE
486,1,4,original,verse,Mais souvenez-vous bien au moins de l'avertissement que je vous ai donné.
487,1,4,original,personnage,LUCAS
488,1,4,original,verse,"Hé! morguenne! laissez-nous faire; s'il ne tient qu'à battre, la vache est à nous."
489,1,4,original,personnage,VALÈRE
490,1,4,original,verse,"Nous sommes bien heureux d'avoir fait cette rencontre, et j'en conçois, pour moi, la meilleure espérance du monde."
495,1,5,original,personnage,SGANARELLE
496,1,5,original,verse,entre sur le théâtre en chantant et tenant une bouteille. La! la! la!
497,1,5,original,personnage,VALÈRE
498,1,5,original,verse,J'entends quelqu'un qui chante et qui coupe du bois.
499,1,5,original,personnage,SGANARELLE
500,1,5,original,verse,"La! la! la!... Ma foi, c'est assez travaillé pour un coup: prenons un peu d'haleine. (Il boit, et dit après avoir bu:) Voilà du bois qui est salé comme tous les diables."
501,1,5,original,verse,"""Qu'ils sont doux, Bouteille jolie, Qu'ils sont doux Vos petits glou-gloux! Mais mon sort feroit bien des jaloux si vous étiez toujours remplie."
502,1,5,original,verse,"Ah! bouteille, ma mie, Pourquoi vous videz-vous? Allons, morbleu! il ne faut point engendrer de mélancolie."""
503,1,5,original,personnage,VALÈRE
504,1,5,original,verse,Le voilà lui-même.
505,1,5,original,personnage,LUCAS
506,1,5,original,verse,"Je pense que vous dites vrai, et que j'avons bouté le nez dessus."
507,1,5,original,personnage,VALÈRE
508,1,5,original,verse,Voyons de près.
509,1,5,original,personnage,SGANARELLE
510,1,5,original,verse,"les apercevant, les regarde en se tournant vers l'un et puis vers l'autre, tt, abaissant sa voix, dit:"
511,1,5,original,verse,"Ah! ma petite friponne, que je t'aime, mon petit bouchon!  ...Mon sort... feroit... bien des... jaloux, Si... Que diable! à qui en veulent ces gens-là?"
512,1,5,original,personnage,VALÈRE
513,1,5,original,verse,C'est lui assurément.
514,1,5,original,personnage,LUCAS
515,1,5,original,verse,Le velà tout craché comme on nous l'a défiguré.
516,1,5,original,personnage,SGANARELLE
517,1,5,original,verse,"à part. (Ici il pose sa bouteille à terre, et, Valère se baissant pour le saluer, comme il croit que c'est à dessein de la prendre, il la met de l'autre côté; ensuite de quoi, Lucas faisant la même chose, il la reprend et la tient contre son estomac, avec divers gestes qui font un grand jeu de théâtre.) Ils consultent en me regardant; quel dessein auroient-ils?"
518,1,5,original,personnage,VALÈRE
519,1,5,original,verse,"Monsieur, n'est-ce pas vous qui vous appelez Sganarelle?"
520,1,5,original,personnage,SGANARELLE
521,1,5,original,verse,Hé! quoi?
522,1,5,original,personnage,VALÈRE
523,1,5,original,verse,Je vous demande si ce n'est pas vous qui se nomme Sganarelle?
524,1,5,original,personnage,SGANARELLE
525,1,5,original,verse,"se tournant vers Valère, puis vers Lucas. Oui et non, selon ce que vous lui voulez."
526,1,5,original,personnage,VALÈRE
527,1,5,original,verse,Nous ne voulons que lui faire toutes les civilités que nous pourrons.
528,1,5,original,personnage,SGANARELLE
529,1,5,original,verse,"En ce cas, c'est moi qui se nomme Sganarelle."
530,1,5,original,personnage,VALÈRE
531,1,5,original,verse,"Monsieur, nous sommes ravis de vous voir. On nous a adressés à vous pour ce que nous cherchons, t nous venons implorer votre aide, dont nous avons besoin."
532,1,5,original,personnage,SGANARELLE
533,1,5,original,verse,"Si c'est quelque chose, Messieurs, qui dépende de mon petit négoce, je suis tout prêt à vous rendre service."
534,1,5,original,personnage,VALÈRE
535,1,5,original,verse,"Monsieur, c'est trop de grâce que vous nous faites. Mais, Monsieur, couvrez-vous, s'il vous plaît, le soleil pourrait vous incommoder."
536,1,5,original,personnage,LUCAS
537,1,5,original,verse,"Monsieu, boutez dessus."
538,1,5,original,personnage,SGANARELLE
539,1,5,original,verse,bas. Voici des gens bien pleins de cérémonie.
540,1,5,original,personnage,VALÈRE
541,1,5,original,verse,"Monsieur, il ne faut pas trouver étrange que nous venions à vous: les habiles gens sont toujours recherchés, et nous sommes instruits de votre capacité."
542,1,5,original,personnage,SGANARELLE
543,1,5,original,verse,"Il est vrai, Messieurs, que je suis le premier homme du monde pour faire des fagots."
544,1,5,original,personnage,VALÈRE
545,1,5,original,verse,Ah! Monsieur!...
546,1,5,original,personnage,SGANARELLE
547,1,5,original,verse,"Je n'y épargne aucune chose, et les fais d'une façon qu'il n'y a rien à dire."
548,1,5,original,personnage,VALÈRE
549,1,5,original,verse,"Monsieur, ce n'est pas cela dont il est question."
550,1,5,original,personnage,SGANARELLE
551,1,5,original,verse,Mais aussi je les vends cent dix sols le cent.
552,1,5,original,personnage,VALÈRE
553,1,5,original,verse,"Ne parlons point de cela, s'il vous plaît."
554,1,5,original,personnage,SGANARELLE
555,1,5,original,verse,Je vous promets que je ne saurois les donner à moins.
556,1,5,original,personnage,VALÈRE
557,1,5,original,verse,"Monsieur, nous savons les choses."
558,1,5,original,personnage,SGANARELLE
559,1,5,original,verse,"Si vous savez les choses, vous savez que je les vends cela."
560,1,5,original,personnage,VALÈRE
561,1,5,original,verse,"Monsieur, c'est se moquer que..."
562,1,5,original,personnage,SGANARELLE
563,1,5,original,verse,"Je ne me moque point, je n'en puis rien rabattre."
564,1,5,original,personnage,VALÈRE
565,1,5,original,verse,"Parlons d'autre façon, de grâce."
566,1,5,original,personnage,SGANARELLE
567,1,5,original,verse,Vous en pourrez trouver autre part à moins: il y a fagots et fagots; mais pour ceux que je fais...
568,1,5,original,personnage,VALÈRE
569,1,5,original,verse,"Hé! Monsieur, laissons là ce discours."
570,1,5,original,personnage,SGANARELLE
571,1,5,original,verse,"Je vous jure que vous ne les auriez pas, s'il s'en falloit un double."
572,1,5,original,personnage,VALÈRE
573,1,5,original,verse,Hé! fi!
574,1,5,original,personnage,SGANARELLE
575,1,5,original,verse,"Non, en conscience, vous en payerez cela. Je vous parle sincèrement, et je ne suis pas homme à surfaire."
576,1,5,original,personnage,VALÈRE
577,1,5,original,verse,"Faut-il, Monsieur, qu'une personne comme vous s'amuse à ces grossières feintes, s'abaisse à parler de la sorte? qu'un homme si savant, un fameux médecin, comme vous êtes, veuille se déguiser aux yeux du monde, et tenir enterrés les beaux talents qu'il a?"
578,1,5,original,personnage,SGANARELLE
579,1,5,original,verse,à part. Il est fou.
580,1,5,original,personnage,VALÈRE
581,1,5,original,verse,"De grâce, Monsieur, ne dissimulez point avec nous."
582,1,5,original,personnage,SGANARELLE
583,1,5,original,verse,Comment?
584,1,5,original,personnage,LUCAS
585,1,5,original,verse,"Tout ce tripotage ne sart de rian, je sçavons çen que je sçavons."
586,1,5,original,personnage,SGANARELLE
587,1,5,original,verse,Quoi donc? que me voulez-vous dire? Pour qui me prenez-vous?
588,1,5,original,personnage,VALÈRE
589,1,5,original,verse,"Pour ce que vous êtes, pour un grand médecin."
590,1,5,original,personnage,SGANARELLE
591,1,5,original,verse,"Médecin vous-même: je ne le suis point, et ne l'ai jamais été."
592,1,5,original,personnage,VALÈRE
593,1,5,original,verse,"bas. Voilà sa folie qui le tient. (Haut.) Monsieur, ne veuillez point nier les choses davantage, et n'en venons point, s'il vous plait, à de fâcheuses extrémités."
594,1,5,original,personnage,SGANARELLE
595,1,5,original,verse,À quoi donc?
596,1,5,original,personnage,VALÈRE
597,1,5,original,verse,À de certaines choses dont nous serions marris.
598,1,5,original,personnage,SGANARELLE
599,1,5,original,verse,"Parbleu! venez-en à tout ce qu'il vous plaira; je ne suis point médecin, et ne sais ce que vous me voulez dire."
600,1,5,original,personnage,VALÈRE
601,1,5,original,verse,"bas. Je vois bien qu'il faut se servir du remède. (Haut.) Monsieur, encore un coup, je vous prie d'avouer ce que vous êtes."
602,1,5,original,personnage,LUCAS
603,1,5,original,verse,"Et testigué! ne lantiponez point davantage, et confessez à la franquette que v'estes médecin."
604,1,5,original,personnage,SGANARELLE
605,1,5,original,verse,J'enrage!
606,1,5,original,personnage,VALÈRE
607,1,5,original,verse,À quoi bon nier ce qu'on sait?
608,1,5,original,personnage,LUCAS
609,1,5,original,verse,Pourquoi toutes ces fraimes-là? à quoi est-ce que ça vous sart?
610,1,5,original,personnage,SGANARELLE
611,1,5,original,verse,"Messieurs, en un mot autant qu'en deux mille, je vous dis que je ne suis point médecin."
612,1,5,original,personnage,VALÈRE
613,1,5,original,verse,Vous n'êtes point médecin?
614,1,5,original,personnage,SGANARELLE
615,1,5,original,verse,Non.
616,1,5,original,personnage,LUCAS
617,1,5,original,verse,V'n'estes pas médecin!
618,1,5,original,personnage,SGANARELLE
619,1,5,original,verse,"Non, vous dis-je."
620,1,5,original,personnage,VALÈRE
621,1,5,original,verse,"Puisque vous le voulez, il faut s'y résoudre. (Ils prennent un bâton et le frappent.)"
622,1,5,original,personnage,SGANARELLE
623,1,5,original,verse,"Ah! ah! ah! Messieurs, je suis tout ce qu'il vous plaira."
624,1,5,original,personnage,VALÈRE
625,1,5,original,verse,"Pourquoi, Monsieur, nous obligez-vous à cette violence?"
626,1,5,original,personnage,LUCAS
627,1,5,original,verse,À quoi bon nous bailler la peine de vous battre?
628,1,5,original,personnage,VALÈRE
629,1,5,original,verse,Je vous assure que j'en ai tous les regrets du monde.
630,1,5,original,personnage,LUCAS
631,1,5,original,verse,"Par ma figué! j'en sis fâché, franchement."
632,1,5,original,personnage,SGANARELLE
633,1,5,original,verse,"Que diable est-ce ci, Messieurs? De grâce, est-ce pour rire, ou si tous deux vous extravaguez, de vouloir que je sois médecin?"
634,1,5,original,personnage,VALÈRE
635,1,5,original,verse,"Quoi! vous ne vous rendez pas encore, et vous vous défendez d'être médecin?"
636,1,5,original,personnage,SGANARELLE
637,1,5,original,verse,Diable emporte si je le suis!
638,1,5,original,personnage,LUCAS
639,1,5,original,verse,Il n'est pas vrai qu'ous sayez médecin?
640,1,5,original,personnage,SGANARELLE
641,1,5,original,verse,"Non, la peste m'étouffe! (Là, ils recommencent de le battre.) Ah! ah! Eh bien, Messieurs, oui, puisque vous le voulez, je suis médecin, je suis médecin; apothicaire encore, si vous le trouvez bon. (À part.) J'aime mieux consentir à tout que de me faire assommer."
642,1,5,original,personnage,VALÈRE
643,1,5,original,verse,"Ah! voilà qui va bien, Monsieur; je suis ravi de vous voir raisonnable."
644,1,5,original,personnage,LUCAS
645,1,5,original,verse,Vous me boutez la joie au coeur quand je vous voi parler comme ça.
646,1,5,original,personnage,VALÈRE
647,1,5,original,verse,Je vous demande pardon de toute mon âme.
648,1,5,original,personnage,LUCAS
649,1,5,original,verse,Je vous demandons excuse de la libarté que j'avons prise.
650,1,5,original,personnage,SGANARELLE
651,1,5,original,verse,"à part. Ouais! seroit-ce bien moi qui me tromperois, et serois-je devenu médecin sans m'en être aperçu?"
652,1,5,original,personnage,VALÈRE
653,1,5,original,verse,"Monsieur, vous ne vous repentirez pas de nous montrer ce que vous êtes, et vous verrez assurément que vous en serez satisfait."
654,1,5,original,personnage,SGANARELLE
655,1,5,original,verse,"Mais, Messieurs, dites-moi, ne vous trompez-vous point vous-mêmes? Est-il bien assuré que je sois médecin?"
656,1,5,original,personnage,LUCAS
657,1,5,original,verse,"Oui, par ma figue!"
658,1,5,original,personnage,SGANARELLE
659,1,5,original,verse,Tout de bon?
660,1,5,original,personnage,VALÈRE
661,1,5,original,verse,Sans doute.
662,1,5,original,personnage,SGANARELLE
663,1,5,original,verse,Diable emporte si je le savois!
664,1,5,original,personnage,VALÈRE
665,1,5,original,verse,Comment! vous êtes le plus habile médecin du monde.
666,1,5,original,personnage,SGANARELLE
667,1,5,original,verse,Ah! ah!
668,1,5,original,personnage,LUCAS
669,1,5,original,verse,Un médecin qui a guari je ne sais combien de maladies.
670,1,5,original,personnage,SGANARELLE
671,1,5,original,verse,Tudieu!
672,1,5,original,personnage,VALÈRE
673,1,5,original,verse,"Une femme étoit tenue pour morte il y avoit six heures; elle étoit prête à ensevelir, lorsqu'avec une goutte de quelque chose vous la fîtes revenir et marcher d'abord par la chambre."
674,1,5,original,personnage,SGANARELLE
675,1,5,original,verse,Peste!
676,1,5,original,personnage,LUCAS
677,1,5,original,verse,"Un petit enfant de douze ans se laissit choir du haut d'un clocher, de quoi il eut la tête, les jambes et les bras cassés; et vous, avec je ne sai quel onguent, vous fîtes qu'aussitôt il se relevit sur ses pieds et s'en fut jouer à la fossette."
678,1,5,original,personnage,SGANARELLE
679,1,5,original,verse,Diantre!
680,1,5,original,personnage,VALÈRE
681,1,5,original,verse,"Enfin, Monsieur, vous aurez contentement avec nous, et vous gagnerez ce que vous voudrez en vous laissant conduire où nous prétendons vous mener."
682,1,5,original,personnage,SGANARELLE
683,1,5,original,verse,Je gagnerai ce que je voudrai?
684,1,5,original,personnage,VALÈRE
685,1,5,original,verse,Oui.
686,1,5,original,personnage,SGANARELLE
687,1,5,original,verse,"Ah! Je suis médecin, sans contredit. Je l'avois oublié, mais je m'en ressouviens. De quoi est-il question? où faut-il se transporter?"
688,1,5,original,personnage,VALÈRE
689,1,5,original,verse,Nous vous conduirons. Il est question d'aller voir une fille qui a perdu la parole.
690,1,5,original,personnage,SGANARELLE
691,1,5,original,verse,"Ma foi, je ne l'ai pas trouvée."
692,1,5,original,personnage,VALÈRE
693,1,5,original,verse,"Il aime à rire. Allons, Monsieur."
694,1,5,original,personnage,SGANARELLE
695,1,5,original,verse,Sans une robe de médecin?
696,1,5,original,personnage,VALÈRE
697,1,5,original,verse,Nous en prendrons une.
698,1,5,original,personnage,SGANARELLE
699,1,5,original,verse,"présentant sa bouteille à Valère. Tenez cela, vous: voilà où je mets mes juleps. (Puis, se tournant vers Lucas en crachant.) Vous, marchez là-dessus, par ordonnance du médecin."
700,1,5,original,personnage,LUCAS
701,1,5,original,verse,"Palsanguenne! velà un médecin qui me plaît. Je pense qu'il réussira, car il est bouffon."
746,2,1,original,personnage,VALÈRE
747,2,1,original,verse,"OUI, Monsieur, je crois que vous serez satisfait, et nous vous avons amené le plus grand médecin du monde."
748,2,1,original,personnage,LUCAS
749,2,1,original,verse,"Oh! morguenne! il faut tirer l'échelle après ceti-là, et tous les autres ne sont pas daignes de li déchausser ses souillez."
750,2,1,original,personnage,VALÈRE
751,2,1,original,verse,C'est un homme qui a fait des cures merveilleuses.
752,2,1,original,personnage,LUCAS
753,2,1,original,verse,Qui a gari des gens qui estiant morts.
754,2,1,original,personnage,VALÈRE
755,2,1,original,verse,"Il est un peu capricieux, comme je vous ai dit, et parfois il a des moments où son esprit s'échappe et ne paroît pas ce qu'il est."
756,2,1,original,personnage,LUCAS
757,2,1,original,verse,"Oui, il aime à bouffonner, et l'an diroit par fois, ne v's en déplaise, qu'il a quelque petit coup de hache à la tête."
758,2,1,original,personnage,VALÈRE
759,2,1,original,verse,"Mais, dans le fond, il est toute science, et bien souvent il dit des choses tout à fait relevées."
760,2,1,original,personnage,LUCAS
761,2,1,original,verse,"Quand il s'y boute, il parle tout fin drait comme s'il lisoit dans un livre."
762,2,1,original,personnage,VALÈRE
763,2,1,original,verse,"Sa réputation s'est déjà répandue ici, et tout le monde vient à lui."
764,2,1,original,personnage,GÉRONTE
765,2,1,original,verse,"Je meurs d'envie de le voir, faites-le moi vite venir."
766,2,1,original,personnage,VALÈRE
767,2,1,original,verse,Je le vais quérir.
768,2,1,original,personnage,JACQUELINE
769,2,1,original,verse,"Par ma fi! Monsieu, ceti-ci fera justement ce qu'ant fait les autres. Je pense que ce sera queussi queumi; et la meilleure médeçaine que l'an pourroit bailler à votre fille, ce seroit, selon moi, un biau et bon mari pour qui allé eût de l'amiquié."
770,2,1,original,personnage,GÉRONTE
771,2,1,original,verse,"Ouais! nourrice, ma mie, vous vous mêlez de bien des choses!"
772,2,1,original,personnage,LUCAS
773,2,1,original,verse,"Taisez-vous, notre ménagère Jacquelaine: ce n'est pas à vous à bouter là votre nez."
774,2,1,original,personnage,JACQUELINE
775,2,1,original,verse,"Je vous dis et vous douze que tous ces médecins n'y feront rian que de l'iau claire, que votre fille a besoin d'autre chose que de ribarbe et desené, et qu'un mari est une emplâtre qui garit tous les maux des filles."
776,2,1,original,personnage,GÉRONTE
777,2,1,original,verse,"Est-elle en état maintenant qu'on s'en voulût charger, avec l'infirmité qu'elle a? Et lorsque j'ai été dans le dessein de la marier, ne s'est-elle pas opposée à mes volontés?"
778,2,1,original,personnage,JACQUELINE
779,2,1,original,verse,"Je le crois bian! vous li vouilliez bailler eun homme qu'allé n'aime point. Que ne preniais-vous ce monsieu Liandre, qui li touchoit au coeur? Allé auroit été fort obéissante; et je m'en vas gager qu'il la prendroit, li, comme allé est, si vous la li vouillais donner."
780,2,1,original,personnage,GÉRONTE
781,2,1,original,verse,Ce Léandre n'est pas ce qu'il lui faut: il n'a pas du bien comme l'autre.
782,2,1,original,personnage,JACQUELINE
783,2,1,original,verse,"Il a un oncle qui est si riche, dont il est hériquié."
784,2,1,original,personnage,GÉRONTE
785,2,1,original,verse,"Tous ces biens à venir me semblent autant de chansons. Il n'est rien tel que ce qu'on tient, et l'on court grand risque de s'abuser lorsque l'on compte sur le bien qu'un autre vous garde. La mort n'a pas toujours les oreilles ouvertes aux voeux et aux prières de messieurs les héritiers, et l'on a le temps d'avoir les dents longues lorsqu'on attend, pour vivre, le trépas de quelqu'un."
786,2,1,original,personnage,JACQUELINE
787,2,1,original,verse,"Enfin, j'ai toujours ouï dire qu'en mariage, comme ailleurs, contentement passe richesse. Les pères et les mères ant cette maudite couteume de demander toujours: «Qu'a-t-il?» et: «Qu'a-t-elle?» Et le compère Piarre a marié sa fille Simonnette au gros Thomas pour un quarquié de vaigne qu'il avoit davantage que le jeune Robin, où allé avoit bouté son amiquié; et velà que la pauvre creiature en est devenue jaune comme eun coing, et n'a point profité tout depuis ce temps-là. C'est un bel exemple pour vous, Monsieu. On n'a que son plaisir en ce monde; et j'aimerois mieux bailler à ma fille un bon mari qui li fût agriable que toutes les rentes de la Biausse."
788,2,1,original,personnage,GÉRONTE
789,2,1,original,verse,"Peste, Madame la nourrice! comme vous dégoisez! Taisez-vous, je vous prie; vous prenez trop de soin, et vous échauffez votre lait."
790,2,1,original,personnage,LUCAS
791,2,1,original,verse,"(En disant ceci, il frappe sur la poitrine à Géronte.) Morgue! tais-toi, t'es eune impartinante. Monsieu n'a que faire de tes discours, et il sait ce qu'il a à faire. Mêle-toi de donner à téter à ton enfant, sans tant faire la raisonneuse. Monsieu est le père de sa fille, et il est bon et sage pour voir ce qu'il li faut."
792,2,1,original,personnage,GÉRONTE
793,2,1,original,verse,Tout doux! oh! tout doux!
794,2,1,original,personnage,LUCAS
795,2,1,original,verse,"Monsieu, je veux un peu la mortifier et li apprendre le respect qu'allé vous doit."
796,2,1,original,personnage,GÉRONTE
797,2,1,original,verse,Oui; mais ces gestes ne sont pas nécessaires.
848,2,2,original,personnage,VALÈRE
849,2,2,original,verse,"Monsieur, préparez-vous, voici notre médecin qui entre."
850,2,2,original,personnage,GÉRONTE
851,2,2,original,verse,"Monsieur, je suis ravi de vous voir chez moi, et nous avons grand besoin de vous."
852,2,2,original,personnage,SGANARELLE
853,2,2,original,verse,"en robe de médecin, avec un chapeau des plus pointus. Hippocrate dit... que nous nous couvrions tous deux."
854,2,2,original,personnage,GÉRONTE
855,2,2,original,verse,Hippocrate dit cela?
856,2,2,original,personnage,SGANARELLE
857,2,2,original,verse,Oui.
858,2,2,original,personnage,GÉRONTE
859,2,2,original,verse,"Dans quel chapitre, s'il vous plaît?"
860,2,2,original,personnage,SGANARELLE
861,2,2,original,verse,Dans son chapitre des chapeaux.
862,2,2,original,personnage,GÉRONTE
863,2,2,original,verse,"Puisqu'Hippocrate le dit, il le faut faire."
864,2,2,original,personnage,SGANARELLE
865,2,2,original,verse,"Monsieur le médecin, ayant appris les merveilleuses choses..."
866,2,2,original,personnage,GÉRONTE
867,2,2,original,verse,"À qui parlez-vous, de grâce?"
868,2,2,original,personnage,SGANARELLE
869,2,2,original,verse,À vous.
870,2,2,original,personnage,GÉRONTE
871,2,2,original,verse,Je ne suis pas médecin.
872,2,2,original,personnage,SGANARELLE
873,2,2,original,verse,Vous n'êtes pas médecin?
874,2,2,original,personnage,GÉRONTE
875,2,2,original,verse,Non vraiment.
876,2,2,original,personnage,SGANARELLE
877,2,2,original,verse,"(Il prend ici un bâton, et le bat comme on l'a battu.) Tout de bon?"
878,2,2,original,personnage,GÉRONTE
879,2,2,original,verse,Tout de bon. Ah! ah! ah!
880,2,2,original,personnage,SGANARELLE
881,2,2,original,verse,Vous êtes médecin maintenant: je n'ai jamais eu d'autres licences.
882,2,2,original,personnage,GÉRONTE
883,2,2,original,verse,Quel diable d'homme m'avez-vous là amené?
884,2,2,original,personnage,VALÈRE
885,2,2,original,verse,Je vous ai bien dit que c'étoit un médecin goguenard.
886,2,2,original,personnage,GÉRONTE
887,2,2,original,verse,Oui. Mais je l'envoirois promener avec ses goguenarderies.
888,2,2,original,personnage,LUCAS
889,2,2,original,verse,"Ne prenez pas garde à ça, Monsieu, ce n'est que pour rire."
890,2,2,original,personnage,GÉRONTE
891,2,2,original,verse,Cette raillerie ne me plaît pas.
892,2,2,original,personnage,SGANARELLE
893,2,2,original,verse,"Monsieur, je vous demande pardon de la liberté que j'ai prise."
894,2,2,original,personnage,GÉRONTE
895,2,2,original,verse,"Monsieur, je suis votre serviteur."
896,2,2,original,personnage,SGANARELLE
897,2,2,original,verse,Je suis fâché...
898,2,2,original,personnage,GÉRONTE
899,2,2,original,verse,Cela n'est rien.
900,2,2,original,personnage,SGANARELLE
901,2,2,original,verse,Des coups de bâton...
902,2,2,original,personnage,GÉRONTE
903,2,2,original,verse,Il n'y a pas de mal.
904,2,2,original,personnage,SGANARELLE
905,2,2,original,verse,Que j'ai eu l'honneur de vous donner.
906,2,2,original,personnage,GÉRONTE
907,2,2,original,verse,"Ne parlons plus de cela. Monsieur, j'ai une fille qui est tombée dans une étrange maladie."
908,2,2,original,personnage,SGANARELLE
909,2,2,original,verse,"Je suis ravi, Monsieur, que votre fille ait besoin de moi; et je souhaiterois de tout mon coeur que vous en eussiez besoin aussi, vous et toute votre famille, pour vous témoigner l'envie que j'ai de vous servir."
910,2,2,original,personnage,GÉRONTE
911,2,2,original,verse,Je vous suis obligé de ces sentiments.
912,2,2,original,personnage,SGANARELLE
913,2,2,original,verse,Je vous assure que c'est du meilleur de mon âme que je vous parle.
914,2,2,original,personnage,GÉRONTE
915,2,2,original,verse,C'est trop d'honneur que vous me faites.
916,2,2,original,personnage,SGANARELLE
917,2,2,original,verse,Comment s'appelle votre fille?
918,2,2,original,personnage,GÉRONTE
919,2,2,original,verse,Lucinde.
920,2,2,original,personnage,SGANARELLE
921,2,2,original,verse,Lucinde! Ah! beau nom à médicamenter! Lucinde!
922,2,2,original,personnage,GÉRONTE
923,2,2,original,verse,Je m'en vais voir un peu ce qu'elle fait.
924,2,2,original,personnage,SGANARELLE
925,2,2,original,verse,Qui est cette grande femme-là?
926,2,2,original,personnage,GÉRONTE
927,2,2,original,verse,C'est la nourrice d'un petit enfant que j'ai.
928,2,2,original,personnage,SGANARELLE
929,2,2,original,verse,"Peste! le joli meuble que voilà! Ah! nourrice, charmante nourrice, ma médecine est la très humble esclave de votre nourricerie, et je voudrois bien être le petit poupon fortuné qui tétât le lait (il lui porte la main sur le sein) de vos bonnes grâces. Tous mes remèdes, toute ma science, toute ma capacité est à votre service, et..."
930,2,2,original,personnage,LUCAS
931,2,2,original,verse,"Avec votre parmission, Monsieu le médecin, laissez là ma femme, je vous prie."
932,2,2,original,personnage,SGANARELLE
933,2,2,original,verse,Quoi! est-elle votre femme?
934,2,2,original,personnage,LUCAS
935,2,2,original,verse,Oui.
936,2,2,original,personnage,SGANARELLE
937,2,2,original,verse,"(Il fait semblant d'embrasser Lucas, et, se tournant du côté de la nourrice, il l'embrasse.) Ah! vraiment, je ne savois pas cela, et je m'en réjouis pour l'amour de l'on et de l'antre."
938,2,2,original,personnage,LUCAS
939,2,2,original,verse,"en le tirant. Tout doucement, s'il vous plaît."
940,2,2,original,personnage,SGANARELLE
941,2,2,original,verse,"Je vous assure que je suis ravi que vous soyez unis ensemble. Je la félicite d'avoir (il fait encore semblant d'embrasser Lucas, et, passant dessous ses bras, se jette au col de sa femme) un mari comme vous; et je vous félicite, vous, d'avoir une femme si belle, si sage, et si bien faite comme elle est."
942,2,2,original,personnage,LUCAS
943,2,2,original,verse,"en le tirant encore. Eh! testigué! point tant de compliment, je vous supplie."
944,2,2,original,personnage,SGANARELLE
945,2,2,original,verse,Ne voulez-vous pas que je me réjouisse avec vous d'un si bel assemblage?
946,2,2,original,personnage,LUCAS
947,2,2,original,verse,"Avec moi, tant qu'il vous plaira; mais avec ma femme, trêve de sarimonie."
948,2,2,original,personnage,SGANARELLE
949,2,2,original,verse,"Je prends part également au bonheur de tous deux, et (il continue le mime jeu), si je vous embrasse pour vous en témoigner ma joie, je l'embrasse de même pour lui en témoigner aussi."
950,2,2,original,personnage,LUCAS
951,2,2,original,verse,"en le tirant derechef. Ah! vartigué, Monsieu le médecin, que de lantiponages!"
984,2,3,original,personnage,GÉRONTE
985,2,3,original,verse,"Monsieur, voici tout à l'heure ma fille qu'on va vous amener."
986,2,3,original,personnage,SGANARELLE
987,2,3,original,verse,"Je l'attends, Monsieur, avec toute la médecine."
988,2,3,original,personnage,GÉRONTE
989,2,3,original,verse,Où est-elle?
990,2,3,original,personnage,SGANARELLE
991,2,3,original,verse,se touchant le front. Là dedans.
992,2,3,original,personnage,GÉRONTE
993,2,3,original,verse,Fort bien.
994,2,3,original,personnage,SGANARELLE
995,2,3,original,verse,"en voulant toucher les tétons de la nourrice. Mais, comme je m'intéresse à toute votre famille, il faut que j'essaye un peu le lait de votre nourrice et que je visite son sein."
996,2,3,original,personnage,LUCAS
997,2,3,original,verse,"le tirant et lui faisant faire la pirouette. Nanin, nanin, je n'avons que faire de ça."
998,2,3,original,personnage,SGANARELLE
999,2,3,original,verse,C'est l'office du médecin de voir les tétons des nourrices.
1000,2,3,original,personnage,LUCAS
1001,2,3,original,verse,"Il gnia office qui quienne, je sis votte sarviteur."
1002,2,3,original,personnage,SGANARELLE
1003,2,3,original,verse,As-tu bien la hardiesse de t'opposer au médecin? Hors de là!
1004,2,3,original,personnage,LUCAS
1005,2,3,original,verse,Je me moque de ça.
1006,2,3,original,personnage,SGANARELLE
1007,2,3,original,verse,en le regardant de travers. Je te donnerai la fièvre.
1008,2,3,original,personnage,JACQUELINE
1009,2,3,original,verse,"prenant Lucas par le bras et lui faisant aussi faire la pirouette. Ote-toi de là aussi. Est-ce que je ne sis pas assez grande pour me défendre moi-même, s'il me fait queuque chose qui ne soit pas à faire?"
1010,2,3,original,personnage,LUCAS
1011,2,3,original,verse,"Je ne veux pas qu'il te tâte, moi."
1012,2,3,original,personnage,SGANARELLE
1013,2,3,original,verse,"Fi, le vilain, qui est jaloux de sa femme!"
1014,2,3,original,personnage,GÉRONTE
1015,2,3,original,verse,Voici ma fille.
1144,2,4,original,personnage,SGANARELLE
1145,2,4,original,verse,Est-ce là la malade?
1146,2,4,original,personnage,GÉRONTE
1147,2,4,original,verse,"Oui, je n'ai qu'elle de fille, et j'aurois tous les regrets du monde si elle venoit à mourir."
1148,2,4,original,personnage,SGANARELLE
1149,2,4,original,verse,Qu'elle s'en garde bien! il ne faut pas qu'elle meure sans l'ordonnance du médecin.
1150,2,4,original,personnage,GÉRONTE
1151,2,4,original,verse,"Allons, un siège."
1152,2,4,original,personnage,SGANARELLE
1153,2,4,original,verse,"Voilà une malade qui n'est pas tant dégoûtante, et je tiens qu'un homme bien sain s'en accommoderoit assez."
1154,2,4,original,personnage,GÉRONTE
1155,2,4,original,verse,"Vous l'avez fait rire, Monsieur."
1156,2,4,original,personnage,SGANARELLE
1157,2,4,original,verse,"Tant mieux: lorsque le médecin fait rire le malade, c'est le meilleur signe du monde. Eh bien, de quoi est-il question? qu'avez-vous? quel est le mal que vous sentez?"
1158,2,4,original,personnage,LUCINDE
1159,2,4,original,verse,"répond par signes, en portant sa main à sa bouche, à sa tête et sous son menton. Han, hi, hom, han."
1160,2,4,original,personnage,SGANARELLE
1161,2,4,original,verse,Eh! que dites-vous?
1162,2,4,original,personnage,LUCINDE
1163,2,4,original,verse,"continue les mêmes gestes. Han, hi, hom, han, han, hi, hom."
1164,2,4,original,personnage,SGANARELLE
1165,2,4,original,verse,Quoi?
1166,2,4,original,personnage,LUCINDE
1167,2,4,original,verse,"Han, hi, hom!"
1168,2,4,original,personnage,SGANARELLE
1169,2,4,original,verse,"la contrefaisant. Han, hi, hom, han, ha. Je ne vous entends point. Quel diable de langage est-ce là?"
1170,2,4,original,personnage,GÉRONTE
1171,2,4,original,verse,"Monsieur, c'est là sa maladie. Elle est devenue muette, sans que jusques ici on en ait pu savoir la cause; et c'est un accident qui a fait reculer son mariage."
1172,2,4,original,personnage,SGANARELLE
1173,2,4,original,verse,Et pourquoi?
1174,2,4,original,personnage,GÉRONTE
1175,2,4,original,verse,Celui qu'elle doit épouser veut attendre sa guérison pour conclure les choses.
1176,2,4,original,personnage,SGANARELLE
1177,2,4,original,verse,Et qui est ce sot-là qui ne veut pas que sa femme soit muette? Plût à Dieu que la mienne eût cette maladie! je me garderais bien de la vouloir guérir.
1178,2,4,original,personnage,GÉRONTE
1179,2,4,original,verse,"Enfin, Monsieur, nous vous prions d'employer tous vos soins pour la soulager de son mal."
1180,2,4,original,personnage,SGANARELLE
1181,2,4,original,verse,"Ah! ne vous mettez pas en peine. Dites-moi un peu, ce mal l'oppresse-t-il beaucoup?"
1182,2,4,original,personnage,GÉRONTE
1183,2,4,original,verse,"Oui, Monsieur."
1184,2,4,original,personnage,SGANARELLE
1185,2,4,original,verse,Tant mieux. Sent-elle de grandes douleurs?
1186,2,4,original,personnage,GÉRONTE
1187,2,4,original,verse,Fort grandes.
1188,2,4,original,personnage,SGANARELLE
1189,2,4,original,verse,C'est fort bien fait. Va-t-elle où vous savez?
1190,2,4,original,personnage,GÉRONTE
1191,2,4,original,verse,Oui.
1192,2,4,original,personnage,SGANARELLE
1193,2,4,original,verse,Copieusement?
1194,2,4,original,personnage,GÉRONTE
1195,2,4,original,verse,Je n'entends rien à cela.
1196,2,4,original,personnage,SGANARELLE
1197,2,4,original,verse,La matière est-elle louable?
1198,2,4,original,personnage,GÉRONTE
1199,2,4,original,verse,Je ne me connois pas à ces choses.
1200,2,4,original,personnage,SGANARELLE
1201,2,4,original,verse,se tournant vers la malade. Donnez-moi votre bras. Voilà un pouls qui marque que votre fille est muette.
1202,2,4,original,personnage,GÉRONTE
1203,2,4,original,verse,"Eh! oui, Monsieur, c'est là son mal; vous l'avez trouvé tout du premier coup."
1204,2,4,original,personnage,SGANARELLE
1205,2,4,original,verse,Ah! ah!
1206,2,4,original,personnage,JACQUELINE
1207,2,4,original,verse,Voyez comme il a deviné sa maladie!
1208,2,4,original,personnage,SGANARELLE
1209,2,4,original,verse,"Nous autres grands médecins, nous connoissons d'abord les choses. Un ignorant auroit été embarrassé, et vous eût été dire: c'est ceci, c'est cela; mais, moi, je touche au but du premier coup, et je vous apprends que votre fille est muette."
1210,2,4,original,personnage,GÉRONTE
1211,2,4,original,verse,Oui; mais je voudrois bien que vous me pussiez dire d'où cela vient?
1212,2,4,original,personnage,SGANARELLE
1213,2,4,original,verse,Il n'est rien de plus aisé. Cela vient de ce qu'elle a perdu la parole.
1214,2,4,original,personnage,GÉRONTE
1215,2,4,original,verse,"Fort bien; mais la cause, s'il vous plait, qui fait qu'elle a perdu la parole?"
1216,2,4,original,personnage,SGANARELLE
1217,2,4,original,verse,Tous nos meilleurs auteurs vous diront que c'est l'empêchement de l'action de sa langue.
1218,2,4,original,personnage,GÉRONTE
1219,2,4,original,verse,"Mais encore, vos sentiments sur cet empêchement de l'action de sa langue?"
1220,2,4,original,personnage,SGANARELLE
1221,2,4,original,verse,Aristote là-dessus dit... de fort belles choses.
1222,2,4,original,personnage,GÉRONTE
1223,2,4,original,verse,Je le crois.
1224,2,4,original,personnage,SGANARELLE
1225,2,4,original,verse,Ah! c'étoit un grand homme!
1226,2,4,original,personnage,GÉRONTE
1227,2,4,original,verse,Sans doute.
1228,2,4,original,personnage,SGANARELLE
1229,2,4,original,verse,"levant son bras depuis le coude. Grand homme tout à fait, un homme qui étoit plus grand que moi de tout cela. Pour revenir donc à notre raisonnement, je tiens que cet empêchement de l'action de sa langue est causé par de certaines humeurs, qu'entre nous autres savants nous appelons humeurs peccantes; peccantes, c'est-à-dire... humeurs peccantes: d'autant que les vapeurs formées par les exhalaisons des influences qui s'élèvent dans la région des maladies, venant... pour ainsi dire... à... Entendez-vous le latin?"
1230,2,4,original,personnage,GÉRONTE
1231,2,4,original,verse,En aucune façon..
1232,2,4,original,personnage,SGANARELLE
1233,2,4,original,verse,se levant avec étonnement. Vous n'entendez point le latin!
1234,2,4,original,personnage,GÉRONTE
1235,2,4,original,verse,Non.
1236,2,4,original,personnage,SGANARELLE
1237,2,4,original,verse,"en faisant diverses plaisantes postures. Cabricias, arci thuram, catalamus, singulariter, nominativo, hæc Musa, «la Muse»; bonus, bona, bonum; Deus sanctus, estne oratio latinas? Etiam, «oui.» Quare? «pourquoi?» Quia substantivo et adjectivum concordat in generi, numerum et casus."
1238,2,4,original,personnage,GÉRONTE
1239,2,4,original,verse,Ah! que n'ai-je étudié!
1240,2,4,original,personnage,JACQUELINE
1241,2,4,original,verse,L'habile homme que velà!
1242,2,4,original,personnage,LUCAS
1243,2,4,original,verse,"Oui, ça est si biau que je n'y entends goutte."
1244,2,4,original,personnage,SGANARELLE
1245,2,4,original,verse,"Or, ces vapeurs dont je vous parle venant à passer du côté gauche, où est le foie, au côté droit, où est le coeur, il se trouve que le poumon, que nous appelons en latin armyan, ayant communication avec le cerveau, que nous nommons en grec nasmus, par le moyen de la veine cave, que nous appelons en hébreu cubile, rencontre en son chemin lesdites vapeurs qui remplissent les ventricules de l'omoplate; et parce que lesdites vapeurs... comprenez bien ce raisonnement, je vous prie; et parce que lesdites vapeurs ont une certaine malignité... écoutez bien ceci, je vous conjure."
1246,2,4,original,personnage,GÉRONTE
1247,2,4,original,verse,Oui.
1248,2,4,original,personnage,SGANARELLE
1249,2,4,original,verse,"Ont une certaine malignité qui est causée... soyez attentif, s'il vous plaît."
1250,2,4,original,personnage,GÉRONTE
1251,2,4,original,verse,Je le suis.
1252,2,4,original,personnage,SGANARELLE
1253,2,4,original,verse,"Qui est causée par l'âcreté des humeurs engendrées dans la concavité du diaphragme, il arrive que ces vapeurs... Ossabandus, nequeys, nequer, potarinum, quipsa milus. Voilà justement ce qui fait que votre fille est muette."
1254,2,4,original,personnage,JACQUELINE
1255,2,4,original,verse,"Ah! que ça est bian dit, notte homme!"
1256,2,4,original,personnage,LUCAS
1257,2,4,original,verse,Que n'ai-je la langue aussi bian pendue!
1258,2,4,original,personnage,GÉRONTE
1259,2,4,original,verse,"On ne peut pas mieux raisonner, sans doute. Il n'y a qu'une seule chose qui m'a choqué, c'est l'endroit du foie et du coeur. Il me semble que vous les placez autrement qu'ils ne sont; que le coeur est du côté gauche, et le foie du côté droit."
1260,2,4,original,personnage,SGANARELLE
1261,2,4,original,verse,"Oui, cela étoit autrefois ainsi; mais nous avons changé tout cela, et nous faisons maintenant la médecine d'une méthode toute nouvelle."
1262,2,4,original,personnage,GÉRONTE
1263,2,4,original,verse,"C'est ce que je ne savois pas, et je vous demande pardon de mon ignorance."
1264,2,4,original,personnage,SGANARELLE
1265,2,4,original,verse,"Il n'y a point de mal, et vous n'êtes pas obligé d'être aussi habile que nous."
1266,2,4,original,personnage,GÉRONTE
1267,2,4,original,verse,"Assurément. Mais, Monsieur, que croyez-vous qu'il faille faire à cette maladie?"
1268,2,4,original,personnage,SGANARELLE
1269,2,4,original,verse,Ce que je crois qu'il faille faire?
1270,2,4,original,personnage,GÉRONTE
1271,2,4,original,verse,Oui.
1272,2,4,original,personnage,SGANARELLE
1273,2,4,original,verse,"Mon avis est qu'on la remette sur son lit, et qu'on lui fasse prendre pour remède quantité de pain trempé dans du vin."
1274,2,4,original,personnage,GÉRONTE
1275,2,4,original,verse,"Pourquoi cela, Monsieur?"
1276,2,4,original,personnage,SGANARELLE
1277,2,4,original,verse,"Parce qu'il y a dans le vin et le pain mêlés ensemble une vertu sympathique qui fait parler. Ne voyez-vous pas bien qu'on ne donne autre chose aux perroquets, et qu'ils apprennent à parler en mangeant de cela?"
1278,2,4,original,personnage,GÉRONTE
1279,2,4,original,verse,"Cela est vrai. Ah! le grand homme! Vite, quantité de pain et de vin!"
1280,2,4,original,personnage,SGANARELLE
1281,2,4,original,verse,"Je reviendrai voir, sur le soir, en quel état elle, sera. (À la nourrice.) Doucement, vous. Monsieur, voilà une nourrice à laquelle il faut que je fasse quelques petits remèdes."
1282,2,4,original,personnage,JACQUELINE
1283,2,4,original,verse,Qui? moi? Je me porte le mieux du monde.
1284,2,4,original,personnage,SGANARELLE
1285,2,4,original,verse,"Tant pis, nourrice, tant pis. Cette grande santé est à craindre, et il ne sera pas mauvais de vous faire quelque petite saignée amiable, de vous donner quelque petit clistère dulcifiant."
1286,2,4,original,personnage,GÉRONTE
1287,2,4,original,verse,"Mais, Monsieur, voilà une mode que je ne comprends point. Pourquoi s'aller faire saigner quand on n'a point de maladie?"
1288,2,4,original,personnage,SGANARELLE
1289,2,4,original,verse,"Il n'importe, la mode en est salutaire; et, comme on boit pour la soif à venir, il faut se faire aussi saigner pour la maladie à venir."
1290,2,4,original,personnage,JACQUELINE
1291,2,4,original,verse,"en se retirant. Ma fi! je me moque de ça, et je ne veux point faire de mon corps une boutique d'apothicaire."
1292,2,4,original,personnage,SGANARELLE
1293,2,4,original,verse,"Vous êtes rétive aux remèdes, mais nous saurons vous soumettre à la raison. (Parlant à Géronte.) Je vous donne le bonjour."
1294,2,4,original,personnage,GÉRONTE
1295,2,4,original,verse,"Attendez un peu, s'il vous plaît."
1296,2,4,original,personnage,SGANARELLE
1297,2,4,original,verse,Que voulez-vous faire?
1298,2,4,original,personnage,GÉRONTE
1299,2,4,original,verse,"Vous donner de l'argent, Monsieur."
1300,2,4,original,personnage,SGANARELLE
1301,2,4,original,verse,"tendant sa main derrière, par-dessous sa robe, tandis que Géronte ouvre sa bourse. Je n'en prendrai pas, Monsieur."
1302,2,4,original,personnage,GÉRONTE
1303,2,4,original,verse,Monsieur...
1304,2,4,original,personnage,SGANARELLE
1305,2,4,original,verse,Point du tout.
1306,2,4,original,personnage,GÉRONTE
1307,2,4,original,verse,Un petit moment.
1308,2,4,original,personnage,SGANARELLE
1309,2,4,original,verse,En aucune façon.
1310,2,4,original,personnage,GÉRONTE
1311,2,4,original,verse,De grâce!
1312,2,4,original,personnage,SGANARELLE
1313,2,4,original,verse,Vous vous moquez.
1314,2,4,original,personnage,GÉRONTE
1315,2,4,original,verse,Voilà qui est fait.
1316,2,4,original,personnage,SGANARELLE
1317,2,4,original,verse,Je n'en ferai rien.
1318,2,4,original,personnage,GÉRONTE
1319,2,4,original,verse,Hé!
1320,2,4,original,personnage,SGANARELLE
1321,2,4,original,verse,Ce n'est pas l'argent qui me fait agir.
1322,2,4,original,personnage,GÉRONTE
1323,2,4,original,verse,Je le crois.
1324,2,4,original,personnage,SGANARELLE
1325,2,4,original,verse,après avoir pris l'argent.
1326,2,4,original,verse,Cela est-il de poids?
1327,2,4,original,personnage,GÉRONTE
1328,2,4,original,verse,"Oui, Monsieur."
1329,2,4,original,personnage,SGANARELLE
1330,2,4,original,verse,Je ne suis pas un médecin mercenaire.
1331,2,4,original,personnage,GÉRONTE
1332,2,4,original,verse,Je le sais bien.
1333,2,4,original,personnage,SGANARELLE
1334,2,4,original,verse,L'intérêt ne me gouverne point.
1335,2,4,original,personnage,GÉRONTE
1336,2,4,original,verse,Je n'ai pas cette pensée.
1371,2,5,original,personnage,SGANARELLE
1372,2,5,original,verse,"regardant son argent. Ma foi, cela ne va pas mal, et pourvu que..."
1373,2,5,original,personnage,LÉANDRE
1374,2,5,original,verse,"Monsieur, il y a longtemps que je vous attends, et je viens implorer votre assistance."
1375,2,5,original,personnage,SGANARELLE
1376,2,5,original,verse,lui prenant le poignet. Voilà un pouls qui est fort mauvais.
1377,2,5,original,personnage,LÉANDRE
1378,2,5,original,verse,"Je ne suis point malade, Monsieur, et ce n'est pas pour cela que je viens à vous."
1379,2,5,original,personnage,SGANARELLE
1380,2,5,original,verse,"Si vous n'êtes pas malade, que diable ne le dites-vous donc?"
1381,2,5,original,personnage,LÉANDRE
1382,2,5,original,verse,"Non. Pour vous dire la chose en deux mots, je m'appelle Léandre, qui suis amoureux de Lucinde, que vous venez de visiter; et, comme, par la mauvaise humeur de son père, toute sorte d'accès m'est fermé auprès d'elle, je me hasarde à vous prier de vouloir servir mon amour, et de me donner lieu d'exécuter un stratagème que j'ai trouvé pour lui pouvoir dire deux mots d'où dépendent absolument mon bonheur et ma vie."
1383,2,5,original,personnage,SGANARELLE
1384,2,5,original,verse,"paroissant en colère. Pour qui me prenez-vous? Comment! oser vous adresser à moi pour vous servir dans votre amour, et vouloir ravaler la dignité de médecin à des emplois de cette nature!"
1385,2,5,original,personnage,LÉANDRE
1386,2,5,original,verse,"Monsieur, ne faites point de bruit."
1387,2,5,original,personnage,SGANARELLE
1388,2,5,original,verse,"en le faisant reculer. J'en veux faire, moi. Vous êtes un impertinent."
1389,2,5,original,personnage,LÉANDRE
1390,2,5,original,verse,"Hé! Monsieur, doucement."
1391,2,5,original,personnage,SGANARELLE
1392,2,5,original,verse,Un malavisé.
1393,2,5,original,personnage,LÉANDRE
1394,2,5,original,verse,De grâce!
1395,2,5,original,personnage,SGANARELLE
1396,2,5,original,verse,"Je vous apprendrai que je ne suis point homme à cela, et que c'est une insolence extrême..."
1397,2,5,original,personnage,LÉANDRE
1398,2,5,original,verse,tirant une bourse qu'il lui donne. Monsieur!
1399,2,5,original,personnage,SGANARELLE
1400,2,5,original,verse,"tenant la bourse. De vouloir m'employer... Je ne parle pas pour vous, car vous êtes honnête homme, et je serois ravi de vous rendre service. Mais il y a de certains impertinents au monde qui viennent prendre les gens pour ce qu'ils ne sont pas, et je vous avoue que cela me met en colère."
1401,2,5,original,personnage,LÉANDRE
1402,2,5,original,verse,"Je vous demande pardon, Monsieur, de la liberté que..."
1403,2,5,original,personnage,SGANARELLE
1404,2,5,original,verse,Vous vous moquez! De quoi est-il question?
1405,2,5,original,personnage,LÉANDRE
1406,2,5,original,verse,"Vous saurez donc, Monsieur, que cette maladie que vous voulez guérir est une feinte maladie. Les médecins ont raisonné là-dessus comme il faut, et ils n'ont pas manqué de dire que cela procédoit, qui du cerveau, qui des entrailles, qui de la rate, qui du foie. Mais il est certain que l'amour en est la véritable cause, et que Lucinde n'a trouvé cette maladie que pour se délivrer d'un mariage dont elle étoit importunée. Mais de crainte qu'on ne nous voie ensemble, retirons-nous d'ici, et je vous dirai en marchant ce que je souhaite de vous."
1407,2,5,original,personnage,SGANARELLE
1408,2,5,original,verse,"Allons, Monsieur: vous m'avez donné pour votre amour une tendresse qui n'est pas concevable, et j'y perdrai toute ma médecine: ou la malade crèvera, ou bien elle sera à vous."
1425,3,1,original,personnage,LÉANDRE
1426,3,1,original,verse,"IL me semble que je ne suis pas mal ainsi pour un apothicaire; et, comme le père ne m'a guère vu, ce changement d'habit et de perruque est assez capable, je crois, de me déguiser à ses yeux."
1427,3,1,original,personnage,SGANARELLE
1428,3,1,original,verse,Sans doute.
1429,3,1,original,personnage,LÉANDRE
1430,3,1,original,verse,"Tout ce que je souhaiterois seroit de savoir cinq ou six grands mots de médecine, pour parer mon discours et me donner l'air d'habile homme."
1431,3,1,original,personnage,SGANARELLE
1432,3,1,original,verse,"Allez, allez, tout cela n'est pas nécessaire; il suffit de l'habit, et je n'en sais pas plus que vous."
1433,3,1,original,personnage,LÉANDRE
1434,3,1,original,verse,Comment?
1435,3,1,original,personnage,SGANARELLE
1436,3,1,original,verse,"Diable emporte si j'entends rien en médecine! Vous êtes honnête homme, et je veux bien me confier à vous, comme vous vous confiez à moi."
1437,3,1,original,personnage,LÉANDRE
1438,3,1,original,verse,Quoi! vous n'êtes pas effectivement...
1439,3,1,original,personnage,SGANARELLE
1440,3,1,original,verse,"Non, vous dis-je; ils m'ont fait médecin malgré mes dents. Je ne m'étois jamais mêlé d'être si savant que cela, et toutes mes études n'ont été que jusqu'en sixième. Je ne sais point sur quoi cette imagination leur est venue; mais, quand j'ai TU qu'à toute force ils vouloient que je fusse médecin, je me suis résolu de l'être aux dépens de qui il appartiendra. Cependant vous ne sauriez croire comment l'erreur s'est répandue, et de quelle façon chacun est endiablé à me croire habile homme. On me vient chercher de tous les côtés; et, si les choses vont toujours de même, je suis d'avis de m'en tenir toute ma vie à la médecine. Je trouve que c'est le métier le meilleur de tous: car, soit qu'on fasse bien, ou soit qu'on fasse mal, on est toujours payé de même sorte. La méchante besogne ne retombe jamais sur notre dos, et nous taillons comme il nous plaît sur l'étoffe où nous travaillons. Un cordonnier, en faisant des souliers, ne sauroit gâter un morceau de cuir qu'il n'en paye les pots cassés; mais ici l'on peut gâter un homme sans qu'il en coûte rien. Les bévues ne sont point pour nous, et c'est toujours la faute de celui qui meurt. Enfin le bon de cette profession est qu'il y a parmi les morts une honnêteté, une discrétion la plus grande du monde, et jamais on n'en voit se plaindre du médecin qui l'a tué."
1441,3,1,original,personnage,LÉANDRE
1442,3,1,original,verse,Il est vrai que les morts sont fort honnêtes gens sur cette matière.
1443,3,1,original,personnage,SGANARELLE
1444,3,1,original,verse,voyant des hommes qui viennent vers lui. Voilà des gens qui ont la mine de me venir consulter. Allez toujours m'attendre auprès du logis de votre maîtresse.
1493,3,2,original,personnage,THIBAUT
1494,3,2,original,verse,"Monsieu, je venons vous charcher, mon fils Perrin et moi."
1495,3,2,original,personnage,SGANARELLE
1496,3,2,original,verse,Qu'y a-t-il?
1497,3,2,original,personnage,THIBAUT
1498,3,2,original,verse,"Sa pauvre mère, qui a nom Parette, est dans un Ut, malade, il y a six mois."
1499,3,2,original,personnage,SGANARELLE
1500,3,2,original,verse,tendant la main comme pour recevoir de l'argent. Que voulez-vous que j'y fasse?
1501,3,2,original,personnage,THIBAUT
1502,3,2,original,verse,"Je voudrions, Monsieu, que vous nous baillissiez quelque petite drôlerie pour la garir."
1503,3,2,original,personnage,SGANARELLE
1504,3,2,original,verse,Il faut voir de quoi est-ce qu'elle est malade.
1505,3,2,original,personnage,THIBAUT
1506,3,2,original,verse,"Allé est malade d'hypocrisie, Monsieu."
1507,3,2,original,personnage,SGANARELLE
1508,3,2,original,verse,D'hypocrisie?
1509,3,2,original,personnage,THIBAUT
1510,3,2,original,verse,"Oui, c'est-à-dire qu'allé est enflée par tout, et l'an dit que c'est quantité de sériosités qu'allé a dans le corps, et que son foie, son ventre ou sa rate, comme vous voudrais l'appeler, au glieu de faire du sang, ne fait plus que de l'iau. Allé a, de deux jours l'un, la fièvre quotiguenne, avec des lasstules et des douleurs dans les mufles des jambes. On entend dans sa gorge des fleumes qui sont tout prêts à l'étouffer, et par fois il lui prend des sincoles et des conversions, que je crayons qu'alle est passée. J'avons dans notte village un apothicaire, révérence parler, qui li a donné je ne sais combien d'histoires; et il m'en coûte plus d'eune douzaine de bons écus en lavements, ne v's en déplaise, en apostumes qu'on li a fait prendre, en infections de jacinthe, et en portions cordales. Mais tout ça, comme dit l'autre, n'a été que de l'onguent miton-mitaine. Il veloit li bailler d'eune certaine drogue que l'on appelle du vin amétile; mais j'ai-s-eu peur franchement que ça l'envoyît à patres; et l'an dit que ces gros médecins tuont je ne sai combien de monde avec cette invention-là."
1511,3,2,original,personnage,SGANARELLE
1512,3,2,original,verse,"tendant toujours la main et la branlant, comme pour signe qu'il demande de forgent. Venons au fait, mon ami, venons au fait."
1513,3,2,original,personnage,THIBAUT
1514,3,2,original,verse,"Le fait est, Monsieu, que je venons vous prier de nous dire ce qu'il faut que je fassions."
1515,3,2,original,personnage,SGANARELLE
1516,3,2,original,verse,Je ne vous entends point du tout.
1517,3,2,original,personnage,PERRIN
1518,3,2,original,verse,"Monsieu, ma mère est malade; et velà deux écus que je vous apportons pour nous bailler queuque remède."
1519,3,2,original,personnage,SGANARELLE
1520,3,2,original,verse,"Ah! je vous entends, vous. Voilà un garçon qui parle clairement, et qui s'explique comme il faut. Vous dites que votre mère est malade d'hydropisie, qu'elle est enflée par tout le corps, qu'elle a la fièvre, avec des douleurs dans les jambes, et qu'il lui prend parfois des syncopes et des convulsions, c'est-à-dire des évanouissements?"
1521,3,2,original,personnage,PERRIN
1522,3,2,original,verse,"Hé! oui, Monsieu, c'est justement ça."
1523,3,2,original,personnage,SGANARELLE
1524,3,2,original,verse,J'ai compris d'abord vos paroles. Vous avez un père qui ne sait ce qu'il dit. Maintenant vous me demandez un remède?
1525,3,2,original,personnage,PERRIN
1526,3,2,original,verse,"Oui, Monsieu."
1527,3,2,original,personnage,SGANARELLE
1528,3,2,original,verse,Un remède pour la guérir.
1529,3,2,original,personnage,PERRIN
1530,3,2,original,verse,C'est comme je l'entendons.
1531,3,2,original,personnage,SGANARELLE
1532,3,2,original,verse,"Tenez, voilà un morceau de fromage qu'il faut que vous lui fassiez prendre."
1533,3,2,original,personnage,PERRIN
1534,3,2,original,verse,"Du fromage, Monsieu?"
1535,3,2,original,personnage,SGANARELLE
1536,3,2,original,verse,"Oui, c'est un fromage préparé, où il entre de l'or, du coral et des perles, et quantité d'autres choses précieuses."
1537,3,2,original,personnage,PERRIN
1538,3,2,original,verse,"Monsieu, je vous sommes bien obligez, et j'allons li faire prendre ça tout à l'heure."
1539,3,2,original,personnage,SGANARELLE
1540,3,2,original,verse,"Allez. Si elle meurt, ne manquez pas de la faire enterrer du mieux que vous pourrez."
1567,3,3,original,personnage,SGANARELLE
1568,3,3,original,verse,"Voici la belle nourrice. Ah! nourrice de mon coeur, je suis ravi de cette rencontre, et votre vue est la rhubarbe, la casse et le séné qui purgent toute la mélancolie de mon âme."
1569,3,3,original,personnage,JACQUELINE
1570,3,3,original,verse,"Par ma figue! Monsieur le médecin, ça est trop bian dit pour moi, et je n'entends rien à tout votte latin."
1571,3,3,original,personnage,SGANARELLE
1572,3,3,original,verse,"Devenez malade, nourrice, je vous prie, devenez malade pour l'amour de moi. J'aurois toutes les joies du monde de vous guérir."
1573,3,3,original,personnage,JACQUELINE
1574,3,3,original,verse,"Je sis votte sarvante, j'aime bian mieux qu'an ne me guérisse pas."
1575,3,3,original,personnage,SGANARELLE
1576,3,3,original,verse,"Que je vous plains, belle nourrice, d'avoir un mari jaloux et fâcheux comme celui que vous avez!"
1577,3,3,original,personnage,JACQUELINE
1578,3,3,original,verse,"Que velez-vous, Monsieu? C'est pour la pénitence de mes fautes; et là où la chèvre est liée, il faut bian qu'allé y broute."
1579,3,3,original,personnage,SGANARELLE
1580,3,3,original,verse,"Comment! un rustre comme cela! un homme qui vous observe toujours, et ne veut pas que personne vous parle!"
1581,3,3,original,personnage,JACQUELINE
1582,3,3,original,verse,"Hélas! vous n'avez rien vu encore, et ce n'est qu'un petit échantillon de sa mauvaise humeur."
1583,3,3,original,personnage,SGANARELLE
1584,3,3,original,verse,"Est-il possible? et qu'un homme ait l'âme assez basse pour maltraiter une personne comme vous? Ah! que j'en sais, belle nourrice, et qui ne sont pas loin d'ici, qui se tiendroient heureux de baiser seulement les petits bouts de vos petons! Pourquoi faut-il qu'une personne si bien faite soit tombée en de telles mains, et qu'un franc animal, un brutal, un stupide, un sot!... Pardonnez-moi, nourrice, si je parle ainsi de votre mari."
1585,3,3,original,personnage,JACQUELINE
1586,3,3,original,verse,"Eh! Monsieu, je sais bien qu'il mérite tous ces noms-là."
1587,3,3,original,personnage,SGANARELLE
1588,3,3,original,verse,"Oui, sans doute, nourrice, il les mérite; et il mériteroit encore que vous lui missiez quelque chose sur la tête, pour le punir des soupçons qu'il a."
1589,3,3,original,personnage,JACQUELINE
1590,3,3,original,verse,"Il est bien vrai que, si je n'avois devant les jeux que son intérêt, il pourroit m'obliger à queuque étrange chose."
1591,3,3,original,personnage,SGANARELLE
1592,3,3,original,verse,"Ma foi, vous ne feriez pas mal de vous venger de lui avec quelqu'un. C'est un homme, je vous le dis, qui mérite bien cela; et, si j'étois assez heureux, belle nourrice, pour être choisi pour..(En cet endroit, tous deux apercevant Lucas, qui étoit derrière eux et entendait leur dialogue, chacun te retire de son côté, mais le médecin d'une manière fort plaisante.)"
1603,3,4,original,personnage,GÉRONTE
1604,3,4,original,verse,"Holà! Lucas, n'as-tu point vu ici notre médecin?"
1605,3,4,original,personnage,LUCAS
1606,3,4,original,verse,"Et oui, de par tous les diantres! je l'ai vu, et ma femme aussi."
1607,3,4,original,personnage,GÉRONTE
1608,3,4,original,verse,Où est-ce donc qu'il peut être?
1609,3,4,original,personnage,LUCAS
1610,3,4,original,verse,Je ne sais; mais je voudrois qu'il fût à tous les guebles.
1611,3,4,original,personnage,GÉRONTE
1612,3,4,original,verse,Va-t'en voir un peu ce que fait ma fille.
1637,3,5,original,personnage,GÉRONTE
1638,3,5,original,verse,"Ah! Monsieur, je demandois où vous étiez."
1639,3,5,original,personnage,SGANARELLE
1640,3,5,original,verse,"Je m'étois amusé, dans votre cour, à expulser le superflu de la boisson. Comment se porte la malade?"
1641,3,5,original,personnage,GÉRONTE
1642,3,5,original,verse,Un peu plus mal depuis votre remède.
1643,3,5,original,personnage,SGANARELLE
1644,3,5,original,verse,Tant mieux: c'est signe qu'il opère.
1645,3,5,original,personnage,GÉRONTE
1646,3,5,original,verse,"Oui; mais, en opérant, je crains qu'il ne l'étouffé."
1647,3,5,original,personnage,SGANARELLE
1648,3,5,original,verse,"Ne vous mettez pas en peine: j'ai des remèdes qui se moquent de tout, et je l'attends à l'agonie."
1649,3,5,original,personnage,GÉRONTE
1650,3,5,original,verse,Qui est cet homme-là que vous amenez?
1651,3,5,original,personnage,SGANARELLE
1652,3,5,original,verse,faisant des signes avec la main que c'est un apothicaire. C'est...
1653,3,5,original,personnage,GÉRONTE
1654,3,5,original,verse,Quoi?
1655,3,5,original,personnage,SGANARELLE
1656,3,5,original,verse,Celui...
1657,3,5,original,personnage,GÉRONTE
1658,3,5,original,verse,Eh?
1659,3,5,original,personnage,SGANARELLE
1660,3,5,original,verse,Qui...
1661,3,5,original,personnage,GÉRONTE
1662,3,5,original,verse,Je vous entends.
1663,3,5,original,personnage,SGANARELLE
1664,3,5,original,verse,Votre fille en aura besoin.
1717,3,6,original,personnage,JACQUELINE
1718,3,6,original,verse,"Monsieu, velà votre fille qui veut un peu marcher."
1719,3,6,original,personnage,SGANARELLE
1720,3,6,original,verse,"Cela lui fera du bien. Allez-vous-en, Monsieur l'apothicaire, tâter un peu son pouls, afin que je raisonne tantôt avec vous de sa maladie. (En cet endroit, il tire Géronte à un bout du théâtre, et, lui passant un bras sur les épaules, lui rabat la main sous le menton, avec laquelle il le fait retourner vers lui lorsqu'il veut regarder ce que sa fille et l'apothicaire font ensemble, lui tenant cependant le discours suivant pour l'amuser.)"
1721,3,6,original,verse,"Monsieur, c'est une grande et subtile question entre les doctes, de savoir si les femmes sont plus faciles à guérir que les hommes. Je vous prie d'écouter ceci, s'il vous plaît. Les uns disent que non, les autres disent que oui; et moi, je dis que oui et non. D'autant que, l'incongruité des humeurs opaques qui se rencontrent au tempérament naturel des femmes étant cause que la partie brutale veut toujours prendre empire sur la sensitive, on voit que l'inégalité de leurs opinions dépend du mouvement oblique du cercle de la lune; et, comme le soleil, qui darde ses rayons sur la concavité de la terre, trouve..."
1722,3,6,original,personnage,LUCINDE
1723,3,6,original,verse,"Non, je ne suis point du tout capable de changer de sentiments."
1724,3,6,original,personnage,GÉRONTE
1725,3,6,original,verse,"Voilà ma fille qui parle! O grande vertu du remède! ô admirable médecin! Que je vous suis obligé, Monsieur, de cette guérison merveilleuse! Et que puis-je faire pour vous après un tel service?"
1726,3,6,original,personnage,SGANARELLE
1727,3,6,original,verse,se promenant sur le théâtre et s'essuyant le front. Voilà une maladie qui m'a bien donné de la peine!
1728,3,6,original,personnage,LUCINDE
1729,3,6,original,verse,"Oui, mon père, j'ai recouvré la parole; mais je l'ai recouvrée pour vous dire que je n'aurai jamais d'autre époux que Léandre, et que c'est inutilement que vous voulez me donner Horace."
1730,3,6,original,personnage,GÉRONTE
1731,3,6,original,verse,Mais...
1732,3,6,original,personnage,LUCINDE
1733,3,6,original,verse,Rien n'est capable d'ébranler la résolution que j'ai prise.
1734,3,6,original,personnage,GÉRONTE
1735,3,6,original,verse,Quoi...?
1736,3,6,original,personnage,LUCINDE
1737,3,6,original,verse,Vous m'opposerez en vain de belles raisons.
1738,3,6,original,personnage,GÉRONTE
1739,3,6,original,verse,Si...
1740,3,6,original,personnage,LUCINDE
1741,3,6,original,verse,Tous vos discours ne serviront de rien.
1742,3,6,original,personnage,GÉRONTE
1743,3,6,original,verse,Je...
1744,3,6,original,personnage,LUCINDE
1745,3,6,original,verse,C'est une chose où je suis déterminée.
1746,3,6,original,personnage,GÉRONTE
1747,3,6,original,verse,Mais...
1748,3,6,original,personnage,LUCINDE
1749,3,6,original,verse,Il n'est puissance paternelle qui me puisse obliger à me marier malgré moi.
1750,3,6,original,personnage,GÉRONTE
1751,3,6,original,verse,J'ai...
1752,3,6,original,personnage,LUCINDE
1753,3,6,original,verse,Vous avez beau faire tous vos efforts.
1754,3,6,original,personnage,GÉRONTE
1755,3,6,original,verse,Il...
1756,3,6,original,personnage,LUCINDE
1757,3,6,original,verse,Mon coeur ne sauroit se soumettre à cette tyrannie.
1758,3,6,original,personnage,GÉRONTE
1759,3,6,original,verse,Là...
1760,3,6,original,personnage,LUCINDE
1761,3,6,original,verse,Et je me jetterai plutôt dans un convent que d'épouser un homme que je n'aime point.
1762,3,6,original,personnage,GÉRONTE
1763,3,6,original,verse,Mais...
1764,3,6,original,personnage,LUCINDE
1765,3,6,original,verse,parlant d'un ton de voix à étourdir. Non. En aucune façon. Point d'affaire. Vous perdez le temps. Je n'en ferai rien. Cela est résolu.
1766,3,6,original,personnage,GÉRONTE
1767,3,6,original,verse,"Ah! quelle impétuosité de paroles! Il n'y a pas moyen d'y résister. Monsieur, je vous prie de la faire redevenir muette."
1768,3,6,original,personnage,SGANARELLE
1769,3,6,original,verse,"C'est une chose qui m'est impossible. Tout ce que je puis faire pour votre service est de vous rendre sourd, si vous voulez."
1770,3,6,original,personnage,GÉRONTE
1771,3,6,original,verse,Je vous remercie. Penses-tu donc...
1772,3,6,original,personnage,LUCINDE
1773,3,6,original,verse,"Non, toutes vos raisons ne gagneront rien sur mon âme."
1774,3,6,original,personnage,GÉRONTE
1775,3,6,original,verse,Tu épouseras Horace dès ce soir.
1776,3,6,original,personnage,LUCINDE
1777,3,6,original,verse,J'épouserai plutôt la mort.
1778,3,6,original,personnage,SGANARELLE
1779,3,6,original,verse,"Mon Dieu, arrêtez-vous, laissez-moi médicamenter cette affaire. C'est une maladie qui la tient, et je sais le remède qu'il y faut apporter."
1780,3,6,original,personnage,GÉRONTE
1781,3,6,original,verse,"Seroit-il possible, Monsieur, que vous pussiez aussi guérir cette maladie d'esprit?"
1782,3,6,original,personnage,SGANARELLE
1783,3,6,original,verse,"Oui, laissez-moi faire, j'ai des remèdes pour tout, et notre apothicaire nous servira pour cette cure. (Il appelle l'apothicaire et lui parle.) Un mot. Vous voyez que l'ardeur qu'elle a pour ce Léandre est tout à fait contraire aux volontés du père, qu'il n'y a point de temps à perdre, que les humeurs sont fort aigries, et qu'il est nécessaire de trouver promptement un remède à ce mal, qui pourroit empirer par le retardement. Pour moi, je n'y en vois qu'un seul, qui est une prise de fuite purgative, que vous mêlerez comme il faut avec deux drachmes de matrimonium en pilules. Peut-être fera-t-elle quelque difficulté à prendre ce remède; mais, comme vous êtes habile homme dans votre métier, c'est à vous de l'y résoudre et de lui faire avaler la chose du mieux que vous pourrez. Allez-vous-en lui faire faire un petit tour de jardin, afin de préparer les humeurs, tandis que j'entretiendrai ici son père; mais surtout ne perdez point de temps. Au remède, vite, au remède spécifique."
1816,3,7,original,personnage,GÉRONTE
1817,3,7,original,verse,"Quelles drogues, Monsieur, sont celles que vous venez de dire? Il me semble que je ne les ai jamais ouï nommer."
1818,3,7,original,personnage,SGANARELLE
1819,3,7,original,verse,Ce sont drogues dont on se sert dans les nécessités urgentes.
1820,3,7,original,personnage,GÉRONTE
1821,3,7,original,verse,Avez-vous jamais vu une insolence pareille à la sienne?
1822,3,7,original,personnage,SGANARELLE
1823,3,7,original,verse,Les filles sont quelquefois un peu têtues.
1824,3,7,original,personnage,GÉRONTE
1825,3,7,original,verse,Vous ne sauriez croire comme elle est affolée de ce Léandre.
1826,3,7,original,personnage,SGANARELLE
1827,3,7,original,verse,La chaleur du sang fait cela dans les jeunes esprits.
1828,3,7,original,personnage,GÉRONTE
1829,3,7,original,verse,"Pour moi, dès que j'ai eu découvert la violence de cet amour, j'ai su tenir toujours ma fille renfermée."
1830,3,7,original,personnage,SGANARELLE
1831,3,7,original,verse,Vous avez fait sagement.
1832,3,7,original,personnage,GÉRONTE
1833,3,7,original,verse,Et j'ai bien empêché qu'ils n'aient eu communication ensemble.
1834,3,7,original,personnage,SGANARELLE
1835,3,7,original,verse,Fort bien.
1836,3,7,original,personnage,GÉRONTE
1837,3,7,original,verse,Il seroit arrivé quelque folie si j'avois souffert qu'ils se fussent vus.
1838,3,7,original,personnage,SGANARELLE
1839,3,7,original,verse,Sans doute.
1840,3,7,original,personnage,GÉRONTE
1841,3,7,original,verse,Et je crois qu'elle auroit été fille à s'en aller avec lui.
1842,3,7,original,personnage,SGANARELLE
1843,3,7,original,verse,C'est prudemment raisonné.
1844,3,7,original,personnage,GÉRONTE
1845,3,7,original,verse,On m'avertit qu'il fait tous ses efforts pour lui parler.
1846,3,7,original,personnage,SGANARELLE
1847,3,7,original,verse,Quel drôle!
1848,3,7,original,personnage,GÉRONTE
1849,3,7,original,verse,Mais il perdra son temps.
1850,3,7,original,personnage,SGANARELLE
1851,3,7,original,verse,Ah! ah!
1852,3,7,original,personnage,GÉRONTE
1853,3,7,original,verse,Et j'empêcherai bien qu'il ne la voie.
1854,3,7,original,personnage,SGANARELLE
1855,3,7,original,verse,"Il n'a pas affaire à un sot, et vous savez des rubriques qu'il ne sait pas. Plus fin que vous n'est pas bête."
1862,3,8,original,personnage,LUCAS
1863,3,8,original,verse,"Ah! palsanguenne, Monsieu, vaici bian du tintamarre. Votte fille s'en est enfuie avec son Liandre. C'étoit lui qui étoit l'apothicaire, et velà monsieu le médecin qui a fait cette belle opération-là."
1864,3,8,original,personnage,GÉRONTE
1865,3,8,original,verse,"Comment! m'assassiner de la façon? Allons, un commissaire, et qu'on empêche qu'il ne sorte. Ah! traître, je vous ferai punir par la justice."
1866,3,8,original,personnage,LUCAS
1867,3,8,original,verse,"Ah! par ma fi, Monsieu le médecin, vous serez pendu. Ne bougez de là seulement."
1892,3,9,original,personnage,MARTINE
1893,3,9,original,verse,"Ah! mon Dieu, que j'ai eu de peine à trouver ce logis! Dites-moi un peu des nouvelles du médecin que je vous ai donné."
1894,3,9,original,personnage,LUCAS
1895,3,9,original,verse,Le velà qui va être pendu.
1896,3,9,original,personnage,MARTINE
1897,3,9,original,verse,Quoi! mon mari pendu! Hélas! et qu'a-t-il fait pour cela?
1898,3,9,original,personnage,LUCAS
1899,3,9,original,verse,Il a fait enlever la fille de notte maître.
1900,3,9,original,personnage,MARTINE
1901,3,9,original,verse,"Hélas! mon cher mari, est-il bien vrai qu'on te va pendre?"
1902,3,9,original,personnage,SGANARELLE
1903,3,9,original,verse,Tu vois. Ah!
1904,3,9,original,personnage,MARTINE
1905,3,9,original,verse,Faut-il que tu te laisses mourir en présence de tant de gens?
1906,3,9,original,personnage,SGANARELLE
1907,3,9,original,verse,Que veux-tu que j'y fasse?
1908,3,9,original,personnage,MARTINE
1909,3,9,original,verse,"Encore, si tu avois achevé de couper notre bois, je prendrois quelque consolation."
1910,3,9,original,personnage,SGANARELLE
1911,3,9,original,verse,"Retire-toi de là, tu me fends le coeur."
1912,3,9,original,personnage,MARTINE
1913,3,9,original,verse,"Non, je veux demeurer pour t'encourager à la mort, et je ne te quitterai point que je ne t'aie vu pendu."
1914,3,9,original,personnage,SGANARELLE
1915,3,9,original,verse,Ah!
1922,3,10,original,personnage,GÉRONTE
1923,3,10,original,verse,"Le commissaire viendra bientôt, et l'on s'en va vous mettre en lieu où l'on me répondra de vous."
1924,3,10,original,personnage,SGANARELLE
1925,3,10,original,verse,le chapeau à la main. Hélas! cela ne se peut-il point changer en quelques coups de bâton?
1926,3,10,original,personnage,GÉRONTE
1927,3,10,original,verse,"Non, non, la justice en ordonnera... Mais que vois-je?"
1942,3,11,original,personnage,LÉANDRE
1943,3,11,original,verse,"Monsieur, je viens faire paraître Léandre à vos yeux et remettre Lucinde en votre pouvoir. Nous avons eu dessein de prendre la fuite nous deux, et de nous aller marier ensemble; mais cette entreprise a fait place à un procédé plus honnête: je ne prétends point vous voler votre fille, et ce n'est que de votre main que je veux la recevoir. Ce que je vous dirai, Monsieur, c'est que je viens tout à l'heure de recevoir des lettres par où j'apprends que mon oncle est mort, et que je suis héritier de tous ses biens."
1944,3,11,original,personnage,GÉRONTE
1945,3,11,original,verse,"Monsieur, votre vertu m'est tout à fait considérable, et je vous donne ma fille avec la plus grande joie du monde."
1946,3,11,original,personnage,SGANARELLE
1947,3,11,original,verse,La médecine l'a échappé belle!
1948,3,11,original,personnage,MARTINE
1949,3,11,original,verse,"Puisque tu ne seras point pendu, rends-moi grâce d'être médecin, car c'est moi qui t'ai procuré cet honneur."
1950,3,11,original,personnage,SGANARELLE
1951,3,11,original,verse,"Oui, c'est toi qui m'as procuré je ne sais combien de coups de bâton."
1952,3,11,original,personnage,LÉANDRE
1953,3,11,original,verse,L'effet en est trop beau pour en garder du ressentiment.
1954,3,11,original,personnage,SGANARELLE
1955,3,11,original,verse,"Soit. Je te pardonne ces coups de bâton en faveur de la dignité où tu m'as élevé; mais prépare-toi désormais à vivre dans un grand respect avec un homme de ma conséquence, et songe que la colère d'un médecin est plus à craindre qu'on ne peut croire."
